time,value
0.000000,0.000000
0.010000,2.938924
0.020000,4.755281
0.030000,4.755285
0.040000,2.938935
0.050000,0.000013
0.060000,-2.938913
0.070000,-4.755277
0.080000,-4.755289
0.090000,-2.938946
0.100000,-0.000027
0.110000,2.938903
0.120000,4.755273
0.130000,4.755293
0.140000,2.938956
0.150000,0.000040
0.160000,-2.938892
0.170000,-4.755269
0.180000,-4.755297
0.190000,-2.938967
0.200000,-0.000053
0.210000,2.938881
0.220000,4.755265
0.230000,4.755301
0.240000,2.938978
0.250000,0.000066
0.260000,-2.938870
0.270000,-4.755260
0.280000,-4.755306
0.290000,-2.938989
0.300000,-0.000080
0.310000,2.938860
0.320000,4.755256
0.330000,4.755310
0.340000,2.938999
0.350000,0.000093
0.360000,-2.938849
0.370000,-4.755252
0.380000,-4.755314
0.390000,-2.939010
0.400000,-0.000106
0.410000,2.938838
0.420000,4.755248
0.430000,4.755318
0.440000,2.939021
0.450000,0.000119
0.460000,-2.938828
0.470000,-4.755244
0.480000,-4.755322
0.490000,-2.939031
0.500000,-0.000133
0.510000,2.938817
0.520000,4.755240
0.530000,4.755326
0.540000,2.939042
0.550000,0.000146
0.560000,-2.938806
0.570000,-4.755236
0.580000,-4.755330
0.590000,-2.939053
0.600000,-0.000159
0.610000,2.938795
0.620000,4.755232
0.630000,4.755334
0.640000,2.939064
0.650000,0.000172
0.660000,-2.938785
0.670000,-4.755228
0.680000,-4.755338
0.690000,-2.939074
0.700000,-0.000186
0.710000,2.938774
0.720000,4.755224
0.730000,4.755342
0.740000,2.939085
0.750000,0.000199
0.760000,-2.938763
0.770000,-4.755219
0.780000,-4.755347
0.790000,-2.939096
0.800000,-0.000212
0.810000,2.938752
0.820000,4.755215
0.830000,4.755351
0.840000,2.939107
0.850000,0.000226
0.860000,-2.938742
0.870000,-4.755211
0.880000,-4.755355
0.890000,-2.939117
0.900000,-0.000239
0.910000,2.938731
0.920000,4.755207
0.930000,4.755359
0.940000,2.939128
0.950000,0.000252
0.960000,-2.938720
0.970000,-4.755203
0.980000,-4.755363
0.990000,-2.939139
1.000000,-0.000265
1.010000,2.938709
1.020000,4.755199
1.030000,4.755367
1.040000,2.939150
1.050000,0.000279
1.060000,-2.938699
1.070000,-4.755195
1.080000,-4.755371
1.090000,-2.939160
1.100000,-0.000292
1.110000,2.938688
1.120000,4.755191
1.130000,4.755375
1.140000,2.939171
1.150000,0.000305
1.160000,-2.938677
1.170000,-4.755187
1.180000,-4.755379
1.190000,-2.939182
1.200000,-0.000318
1.210000,2.938666
1.220000,4.755183
1.230000,4.755383
1.240000,2.939192
1.250000,0.000332
1.260000,-2.938656
1.270000,-4.755178
1.280000,-4.755388
1.290000,-2.939203
1.300000,-0.000345
1.310000,2.938645
1.320000,4.755174
1.330000,4.755392
1.340000,2.939214
1.350000,0.000358
1.360000,-2.938634
1.370000,-4.755170
1.380000,-4.755396
1.390000,-2.939225
1.400000,-0.000372
1.410000,2.938624
1.420000,4.755166
1.430000,4.755400
1.440000,2.939235
1.450000,0.000385
1.460000,-2.938613
1.470000,-4.755162
1.480000,-4.755404
1.490000,-2.939246
1.500000,-0.000398
1.510000,2.938602
1.520000,4.755158
1.530000,4.755408
1.540000,2.939257
1.550000,0.000411
1.560000,-2.938591
1.570000,-4.755154
1.580000,-4.755412
1.590000,-2.939268
1.600000,-0.000425
1.610000,2.938581
1.620000,4.755150
1.630000,4.755416
1.640000,2.939278
1.650000,0.000438
1.660000,-2.938570
1.670000,-4.755146
1.680000,-4.755420
1.690000,-2.939289
1.700000,-0.000451
1.710000,2.938559
1.720000,4.755142
1.730000,4.755424
1.740000,2.939300
1.750000,0.000464
1.760000,-2.938548
1.770000,-4.755137
1.780000,-4.755429
1.790000,-2.939311
1.800000,-0.000478
1.810000,2.938538
1.820000,4.755133
1.830000,4.755433
1.840000,2.939321
1.850000,0.000491
1.860000,-2.938527
1.870000,-4.755129
1.880000,-4.755437
1.890000,-2.939332
1.900000,-0.000504
1.910000,2.938516
1.920000,4.755125
1.930000,4.755441
1.940000,2.939343
1.950000,0.000517
1.960000,-2.938505
1.970000,-4.755121
1.980000,-4.755445
1.990000,-2.939353
2.000000,-0.000531
2.010000,2.938495
2.020000,4.755117
2.030000,4.755449
2.040000,2.939364
2.050000,0.000544
2.060000,-2.938484
2.070000,-4.755113
2.080000,-4.755453
2.090000,-2.939375
2.100000,-0.000557
2.110000,2.938473
2.120000,4.755109
2.130000,4.755457
2.140000,2.939386
2.150000,0.000571
2.160000,-2.938463
2.170000,-4.755105
2.180000,-4.755461
2.190000,-2.939396
2.200000,-0.000584
2.210000,2.938452
2.220000,4.755101
2.230000,4.755465
2.240000,2.939407
2.250000,0.000597
2.260000,-2.938441
2.270000,-4.755096
2.280000,-4.755470
2.290000,-2.939418
2.300000,-0.000610
2.310000,2.938430
2.320000,4.755092
2.330000,4.755474
2.340000,2.939429
2.350000,0.000624
2.360000,-2.938420
2.370000,-4.755088
2.380000,-4.755478
2.390000,-2.939439
2.400000,-0.000637
2.410000,2.938409
2.420000,4.755084
2.430000,4.755482
2.440000,2.939450
2.450000,0.000650
2.460000,-2.938398
2.470000,-4.755080
2.480000,-4.755486
2.490000,-2.939461
2.500000,-0.000663
2.510000,2.938387
2.520000,4.755076
2.530000,4.755490
2.540000,2.939472
2.550000,0.000677
2.560000,-2.938377
2.570000,-4.755072
2.580000,-4.755494
2.590000,-2.939482
2.600000,-0.000690
2.610000,2.938366
2.620000,4.755068
2.630000,4.755498
2.640000,2.939493
2.650000,0.000703
2.660000,-2.938355
2.670000,-4.755064
2.680000,-4.755502
2.690000,-2.939504
2.700000,-0.000716
2.710000,2.938344
2.720000,4.755059
2.730000,4.755506
2.740000,2.939514
2.750000,0.000730
2.760000,-2.938334
2.770000,-4.755055
2.780000,-4.755510
2.790000,-2.939525
2.800000,-0.000743
2.810000,2.938323
2.820000,4.755051
2.830000,4.755515
2.840000,2.939536
2.850000,0.000756
2.860000,-2.938312
2.870000,-4.755047
2.880000,-4.755519
2.890000,-2.939547
2.900000,-0.000770
2.910000,2.938302
2.920000,4.755043
2.930000,4.755523
2.940000,2.939557
2.950000,0.000783
2.960000,-2.938291
2.970000,-4.755039
2.980000,-4.755527
2.990000,-2.939568
3.000000,-0.000796
3.010000,2.938280
3.020000,4.755035
3.030000,4.755531
3.040000,2.939579
3.050000,0.000809
3.060000,-2.938269
3.070000,-4.755031
3.080000,-4.755535
3.090000,-2.939590
3.100000,-0.000823
3.110000,2.938259
3.120000,4.755027
3.130000,4.755539
3.140000,2.939600
3.150000,0.000836
3.160000,-2.938248
3.170000,-4.755023
3.180000,-4.755543
3.190000,-2.939611
3.200000,-0.000849
3.210000,2.938237
3.220000,4.755018
3.230000,4.755547
3.240000,2.939622
3.250000,0.000862
3.260000,-2.938226
3.270000,-4.755014
3.280000,-4.755551
3.290000,-2.939633
3.300000,-0.000876
3.310000,2.938216
3.320000,4.755010
3.330000,4.755556
3.340000,2.939643
3.350000,0.000889
3.360000,-2.938205
3.370000,-4.755006
3.380000,-4.755560
3.390000,-2.939654
3.400000,-0.000902
3.410000,2.938194
3.420000,4.755002
3.430000,4.755564
3.440000,2.939665
3.450000,0.000915
3.460000,-2.938183
3.470000,-4.754998
3.480000,-4.755568
3.490000,-2.939675
3.500000,-0.000929
3.510000,2.938173
3.520000,4.754994
3.530000,4.755572
3.540000,2.939686
3.550000,0.000942
3.560000,-2.938162
3.570000,-4.754990
3.580000,-4.755576
3.590000,-2.939697
3.600000,-0.000955
3.610000,2.938151
3.620000,4.754986
3.630000,4.755580
3.640000,2.939708
3.650000,0.000969
3.660000,-2.938140
3.670000,-4.754982
3.680000,-4.755584
3.690000,-2.939718
3.700000,-0.000982
3.710000,2.938130
3.720000,4.754977
3.730000,4.755588
3.740000,2.939729
3.750000,0.000995
3.760000,-2.938119
3.770000,-4.754973
3.780000,-4.755592
3.790000,-2.939740
3.800000,-0.001008
3.810000,2.938108
3.820000,4.754969
3.830000,4.755597
3.840000,2.939751
3.850000,0.001022
3.860000,-2.938098
3.870000,-4.754965
3.880000,-4.755601
3.890000,-2.939761
3.900000,-0.001035
3.910000,2.938087
3.920000,4.754961
3.930000,4.755605
3.940000,2.939772
3.950000,0.001048
3.960000,-2.938076
3.970000,-4.754957
3.980000,-4.755609
3.990000,-2.939783
4.000000,-0.001061
4.010000,2.938065
4.020000,4.754953
4.030000,4.755613
4.040000,2.939794
4.050000,0.001075
4.060000,-2.938055
4.070000,-4.754949
4.080000,-4.755617
4.090000,-2.939804
4.100000,-0.001088
4.110000,2.938044
4.120000,4.754945
4.130000,4.755621
4.140000,2.939815
4.150000,0.001101
4.160000,-2.938033
4.170000,-4.754941
4.180000,-4.755625
4.190000,-2.939826
4.200000,-0.001115
4.210000,2.938022
4.220000,4.754936
4.230000,4.755629
4.240000,2.939836
4.250000,0.001128
4.260000,-2.938012
4.270000,-4.754932
4.280000,-4.755633
4.290000,-2.939847
4.300000,-0.001141
4.310000,2.938001
4.320000,4.754928
4.330000,4.755638
4.340000,2.939858
4.350000,0.001154
4.360000,-2.937990
4.370000,-4.754924
4.380000,-4.755642
4.390000,-2.939869
4.400000,-0.001168
4.410000,2.937979
4.420000,4.754920
4.430000,4.755646
4.440000,2.939879
4.450000,0.001181
4.460000,-2.937969
4.470000,-4.754916
4.480000,-4.755650
4.490000,-2.939890
4.500000,-0.001194
4.510000,2.937958
4.520000,4.754912
4.530000,4.755654
4.540000,2.939901
4.550000,0.001207
4.560000,-2.937947
4.570000,-4.754908
4.580000,-4.755658
4.590000,-2.939912
4.600000,-0.001221
4.610000,2.937936
4.620000,4.754904
4.630000,4.755662
4.640000,2.939922
4.650000,0.001234
4.660000,-2.937926
4.670000,-4.754899
4.680000,-4.755666
4.690000,-2.939933
4.700000,-0.001247
4.710000,2.937915
4.720000,4.754895
4.730000,4.755670
4.740000,2.939944
4.750000,0.001260
4.760000,-2.937904
4.770000,-4.754891
4.780000,-4.755674
4.790000,-2.939954
4.800000,-0.001274
4.810000,2.937894
4.820000,4.754887
4.830000,4.755678
4.840000,2.939965
4.850000,0.001287
4.860000,-2.937883
4.870000,-4.754883
4.880000,-4.755683
4.890000,-2.939976
4.900000,-0.001300
4.910000,2.937872
4.920000,4.754879
4.930000,4.755687
4.940000,2.939987
4.950000,0.001314
4.960000,-2.937861
4.970000,-4.754875
4.980000,-4.755691
4.990000,-2.939997
5.000000,-0.001327
5.010000,2.937851
5.020000,4.754871
5.030000,4.755695
5.040000,2.940008
5.050000,0.001340
5.060000,-2.937840
5.070000,-4.754867
5.080000,-4.755699
5.090000,-2.940019
5.100000,-0.001353
5.110000,2.937829
5.120000,4.754863
5.130000,4.755703
5.140000,2.940030
5.150000,0.001367
5.160000,-2.937818
5.170000,-4.754858
5.180000,-4.755707
5.190000,-2.940040
5.200000,-0.001380
5.210000,2.937808
5.220000,4.754854
5.230000,4.755711
5.240000,2.940051
5.250000,0.001393
5.260000,-2.937797
5.270000,-4.754850
5.280000,-4.755715
5.290000,-2.940062
5.300000,-0.001406
5.310000,2.937786
5.320000,4.754846
5.330000,4.755719
5.340000,2.940073
5.350000,0.001420
5.360000,-2.937775
5.370000,-4.754842
5.380000,-4.755724
5.390000,-2.940083
5.400000,-0.001433
5.410000,2.937765
5.420000,4.754838
5.430000,4.755728
5.440000,2.940094
5.450000,0.001446
5.460000,-2.937754
5.470000,-4.754834
5.480000,-4.755732
5.490000,-2.940105
5.500000,-0.001459
5.510000,2.937743
5.520000,4.754830
5.530000,4.755736
5.540000,2.940115
5.550000,0.001473
5.560000,-2.937733
5.570000,-4.754826
5.580000,-4.755740
5.590000,-2.940126
5.600000,-0.001486
5.610000,2.937722
5.620000,4.754822
5.630000,4.755744
5.640000,2.940137
5.650000,0.001499
5.660000,-2.937711
5.670000,-4.754817
5.680000,-4.755748
5.690000,-2.940148
5.700000,-0.001513
5.710000,2.937700
5.720000,4.754813
5.730000,4.755752
5.740000,2.940158
5.750000,0.001526
5.760000,-2.937690
5.770000,-4.754809
5.780000,-4.755756
5.790000,-2.940169
5.800000,-0.001539
5.810000,2.937679
5.820000,4.754805
5.830000,4.755760
5.840000,2.940180
5.850000,0.001552
5.860000,-2.937668
5.870000,-4.754801
5.880000,-4.755765
5.890000,-2.940191
5.900000,-0.001566
5.910000,2.937657
5.920000,4.754797
5.930000,4.755769
5.940000,2.940201
5.950000,0.001579
5.960000,-2.937647
5.970000,-4.754793
5.980000,-4.755773
5.990000,-2.940212
6.000000,-0.001592
6.010000,2.937636
6.020000,4.754789
6.030000,4.755777
6.040000,2.940223
6.050000,0.001605
6.060000,-2.937625
6.070000,-4.754785
6.080000,-4.755781
6.090000,-2.940234
6.100000,-0.001619
6.110000,2.937614
6.120000,4.754780
6.130000,4.755785
6.140000,2.940244
6.150000,0.001632
6.160000,-2.937604
6.170000,-4.754776
6.180000,-4.755789
6.190000,-2.940255
6.200000,-0.001645
6.210000,2.937593
6.220000,4.754772
6.230000,4.755793
6.240000,2.940266
6.250000,0.001658
6.260000,-2.937582
6.270000,-4.754768
6.280000,-4.755797
6.290000,-2.940276
6.300000,-0.001672
6.310000,2.937571
6.320000,4.754764
6.330000,4.755801
6.340000,2.940287
6.350000,0.001685
6.360000,-2.937561
6.370000,-4.754760
6.380000,-4.755805
6.390000,-2.940298
6.400000,-0.001698
6.410000,2.937550
6.420000,4.754756
6.430000,4.755810
6.440000,2.940309
6.450000,0.001712
6.460000,-2.937539
6.470000,-4.754752
6.480000,-4.755814
6.490000,-2.940319
6.500000,-0.001725
6.510000,2.937529
6.520000,4.754748
6.530000,4.755818
6.540000,2.940330
6.550000,0.001738
6.560000,-2.937518
6.570000,-4.754744
6.580000,-4.755822
6.590000,-2.940341
6.600000,-0.001751
6.610000,2.937507
6.620000,4.754739
6.630000,4.755826
6.640000,2.940352
6.650000,0.001765
6.660000,-2.937496
6.670000,-4.754735
6.680000,-4.755830
6.690000,-2.940362
6.700000,-0.001778
6.710000,2.937486
6.720000,4.754731
6.730000,4.755834
6.740000,2.940373
6.750000,0.001791
6.760000,-2.937475
6.770000,-4.754727
6.780000,-4.755838
6.790000,-2.940384
6.800000,-0.001804
6.810000,2.937464
6.820000,4.754723
6.830000,4.755842
6.840000,2.940394
6.850000,0.001818
6.860000,-2.937453
6.870000,-4.754719
6.880000,-4.755846
6.890000,-2.940405
6.900000,-0.001831
6.910000,2.937443
6.920000,4.754715
6.930000,4.755851
6.940000,2.940416
6.950000,0.001844
6.960000,-2.937432
6.970000,-4.754711
6.980000,-4.755855
6.990000,-2.940427
7.000000,-0.001858
7.010000,2.937421
7.020000,4.754707
7.030000,4.755859
7.040000,2.940437
7.050000,0.001871
7.060000,-2.937410
7.070000,-4.754703
7.080000,-4.755863
7.090000,-2.940448
7.100000,-0.001884
7.110000,2.937400
7.120000,4.754698
7.130000,4.755867
7.140000,2.940459
7.150000,0.001897
7.160000,-2.937389
7.170000,-4.754694
7.180000,-4.755871
7.190000,-2.940470
7.200000,-0.001911
7.210000,2.937378
7.220000,4.754690
7.230000,4.755875
7.240000,2.940480
7.250000,0.001924
7.260000,-2.937367
7.270000,-4.754686
7.280000,-4.755879
7.290000,-2.940491
7.300000,-0.001937
7.310000,2.937357
7.320000,4.754682
7.330000,4.755883
7.340000,2.940502
7.350000,0.001950
7.360000,-2.937346
7.370000,-4.754678
7.380000,-4.755887
7.390000,-2.940513
7.400000,-0.001964
7.410000,2.937335
7.420000,4.754674
7.430000,4.755891
7.440000,2.940523
7.450000,0.001977
7.460000,-2.937325
7.470000,-4.754670
7.480000,-4.755896
7.490000,-2.940534
7.500000,-0.001990
7.510000,2.937314
7.520000,4.754666
7.530000,4.755900
7.540000,2.940545
7.550000,0.002003
7.560000,-2.937303
7.570000,-4.754661
7.580000,-4.755904
7.590000,-2.940555
7.600000,-0.002017
7.610000,2.937292
7.620000,4.754657
7.630000,4.755908
7.640000,2.940566
7.650000,0.002030
7.660000,-2.937282
7.670000,-4.754653
7.680000,-4.755912
7.690000,-2.940577
7.700000,-0.002043
7.710000,2.937271
7.720000,4.754649
7.730000,4.755916
7.740000,2.940588
7.750000,0.002057
7.760000,-2.937260
7.770000,-4.754645
7.780000,-4.755920
7.790000,-2.940598
7.800000,-0.002070
7.810000,2.937249
7.820000,4.754641
7.830000,4.755924
7.840000,2.940609
7.850000,0.002083
7.860000,-2.937239
7.870000,-4.754637
7.880000,-4.755928
7.890000,-2.940620
7.900000,-0.002096
7.910000,2.937228
7.920000,4.754633
7.930000,4.755932
7.940000,2.940631
7.950000,0.002110
7.960000,-2.937217
7.970000,-4.754629
7.980000,-4.755937
7.990000,-2.940641
8.000000,-0.002123
8.010000,2.937206
8.020000,4.754625
8.030000,4.755941
8.040000,2.940652
8.050000,0.002136
8.060000,-2.937196
8.070000,-4.754620
8.080000,-4.755945
8.090000,-2.940663
8.100000,-0.002149
8.110000,2.937185
8.120000,4.754616
8.130000,4.755949
8.140000,2.940673
8.150000,0.002163
8.160000,-2.937174
8.170000,-4.754612
8.180000,-4.755953
8.190000,-2.940684
8.200000,-0.002176
8.210000,2.937163
8.220000,4.754608
8.230000,4.755957
8.240000,2.940695
8.250000,0.002189
8.260000,-2.937153
8.270000,-4.754604
8.280000,-4.755961
8.290000,-2.940706
8.300000,-0.002202
8.310000,2.937142
8.320000,4.754600
8.330000,4.755965
8.340000,2.940716
8.350000,0.002216
8.360000,-2.937131
8.370000,-4.754596
8.380000,-4.755969
8.390000,-2.940727
8.400000,-0.002229
8.410000,2.937121
8.420000,4.754592
8.430000,4.755973
8.440000,2.940738
8.450000,0.002242
8.460000,-2.937110
8.470000,-4.754588
8.480000,-4.755977
8.490000,-2.940749
8.500000,-0.002256
8.510000,2.937099
8.520000,4.754583
8.530000,4.755982
8.540000,2.940759
8.550000,0.002269
8.560000,-2.937088
8.570000,-4.754579
8.580000,-4.755986
8.590000,-2.940770
8.600000,-0.002282
8.610000,2.937078
8.620000,4.754575
8.630000,4.755990
8.640000,2.940781
8.650000,0.002295
8.660000,-2.937067
8.670000,-4.754571
8.680000,-4.755994
8.690000,-2.940792
8.700000,-0.002309
8.710000,2.937056
8.720000,4.754567
8.730000,4.755998
8.740000,2.940802
8.750000,0.002322
8.760000,-2.937045
8.770000,-4.754563
8.780000,-4.756002
8.790000,-2.940813
8.800000,-0.002335
8.810000,2.937035
8.820000,4.754559
8.830000,4.756006
8.840000,2.940824
8.850000,0.002348
8.860000,-2.937024
8.870000,-4.754555
8.880000,-4.756010
8.890000,-2.940834
8.900000,-0.002362
8.910000,2.937013
8.920000,4.754551
8.930000,4.756014
8.940000,2.940845
8.950000,0.002375
8.960000,-2.937002
8.970000,-4.754546
8.980000,-4.756018
8.990000,-2.940856
9.000000,-0.002388
9.010000,2.936992
9.020000,4.754542
9.030000,4.756022
9.040000,2.940867
9.050000,0.002401
9.060000,-2.936981
9.070000,-4.754538
9.080000,-4.756027
9.090000,-2.940877
9.100000,-0.002415
9.110000,2.936970
9.120000,4.754534
9.130000,4.756031
9.140000,2.940888
9.150000,0.002428
9.160000,-2.936959
9.170000,-4.754530
9.180000,-4.756035
9.190000,-2.940899
9.200000,-0.002441
9.210000,2.936949
9.220000,4.754526
9.230000,4.756039
9.240000,2.940910
9.250000,0.002455
9.260000,-2.936938
9.270000,-4.754522
9.280000,-4.756043
9.290000,-2.940920
9.300000,-0.002468
9.310000,2.936927
9.320000,4.754518
9.330000,4.756047
9.340000,2.940931
9.350000,0.002481
9.360000,-2.936916
9.370000,-4.754514
9.380000,-4.756051
9.390000,-2.940942
9.400000,-0.002494
9.410000,2.936906
9.420000,4.754510
9.430000,4.756055
9.440000,2.940952
9.450000,0.002508
9.460000,-2.936895
9.470000,-4.754505
9.480000,-4.756059
9.490000,-2.940963
9.500000,-0.002521
9.510000,2.936884
9.520000,4.754501
9.530000,4.756063
9.540000,2.940974
9.550000,0.002534
9.560000,-2.936874
9.570000,-4.754497
9.580000,-4.756068
9.590000,-2.940985
9.600000,-0.002547
9.610000,2.936863
9.620000,4.754493
9.630000,4.756072
9.640000,2.940995
9.650000,0.002561
9.660000,-2.936852
9.670000,-4.754489
9.680000,-4.756076
9.690000,-2.941006
9.700000,-0.002574
9.710000,2.936841
9.720000,4.754485
9.730000,4.756080
9.740000,2.941017
9.750000,0.002587
9.760000,-2.936831
9.770000,-4.754481
9.780000,-4.756084
9.790000,-2.941028
9.800000,-0.002601
9.810000,2.936820
9.820000,4.754477
9.830000,4.756088
9.840000,2.941038
9.850000,0.002614
9.860000,-2.936809
9.870000,-4.754473
9.880000,-4.756092
9.890000,-2.941049
9.900000,-0.002627
9.910000,2.936798
9.920000,4.754468
9.930000,4.756096
9.940000,2.941060
9.950000,0.002640
9.960000,-2.936788
9.970000,-4.754464
9.980000,-4.756100
9.990000,-2.941071
10.000000,-0.002654
10.010000,2.936777
10.020000,4.754460
10.030000,4.756104
10.040000,2.941081
10.050000,0.002667
10.060000,-2.936766
10.070000,-4.754456
10.080000,-4.756108
10.090000,-2.941092
10.100000,-0.002680
10.110000,2.936755
10.120000,4.754452
10.130000,4.756113
10.140000,2.941103
10.150000,0.002693
10.160000,-2.936745
10.170000,-4.754448
10.180000,-4.756117
10.190000,-2.941113
10.200000,-0.002707
10.210000,2.936734
10.220000,4.754444
10.230000,4.756121
10.240000,2.941124
10.250000,0.002720
10.260000,-2.936723
10.270000,-4.754440
10.280000,-4.756125
10.290000,-2.941135
10.300000,-0.002733
10.310000,2.936712
10.320000,4.754436
10.330000,4.756129
10.340000,2.941146
10.350000,0.002746
10.360000,-2.936702
10.370000,-4.754432
10.380000,-4.756133
10.390000,-2.941156
10.400000,-0.002760
10.410000,2.936691
10.420000,4.754427
10.430000,4.756137
10.440000,2.941167
10.450000,0.002773
10.460000,-2.936680
10.470000,-4.754423
10.480000,-4.756141
10.490000,-2.941178
10.500000,-0.002786
10.510000,2.936670
10.520000,4.754419
10.530000,4.756145
10.540000,2.941189
10.550000,0.002800
10.560000,-2.936659
10.570000,-4.754415
10.580000,-4.756149
10.590000,-2.941199
10.600000,-0.002813
10.610000,2.936648
10.620000,4.754411
10.630000,4.756153
10.640000,2.941210
10.650000,0.002826
10.660000,-2.936637
10.670000,-4.754407
10.680000,-4.756158
10.690000,-2.941221
10.700000,-0.002839
10.710000,2.936627
10.720000,4.754403
10.730000,4.756162
10.740000,2.941231
10.750000,0.002853
10.760000,-2.936616
10.770000,-4.754399
10.780000,-4.756166
10.790000,-2.941242
10.800000,-0.002866
10.810000,2.936605
10.820000,4.754395
10.830000,4.756170
10.840000,2.941253
10.850000,0.002879
10.860000,-2.936594
10.870000,-4.754390
10.880000,-4.756174
10.890000,-2.941264
10.900000,-0.002892
10.910000,2.936584
10.920000,4.754386
10.930000,4.756178
10.940000,2.941274
10.950000,0.002906
10.960000,-2.936573
10.970000,-4.754382
10.980000,-4.756182
10.990000,-2.941285
11.000000,-0.002919
11.010000,2.936562
11.020000,4.754378
11.030000,4.756186
11.040000,2.941296
11.050000,0.002932
11.060000,-2.936551
11.070000,-4.754374
11.080000,-4.756190
11.090000,-2.941307
11.100000,-0.002945
11.110000,2.936541
11.120000,4.754370
11.130000,4.756194
11.140000,2.941317
11.150000,0.002959
11.160000,-2.936530
11.170000,-4.754366
11.180000,-4.756199
11.190000,-2.941328
11.200000,-0.002972
11.210000,2.936519
11.220000,4.754362
11.230000,4.756203
11.240000,2.941339
11.250000,0.002985
11.260000,-2.936508
11.270000,-4.754358
11.280000,-4.756207
11.290000,-2.941349
11.300000,-0.002999
11.310000,2.936498
11.320000,4.754353
11.330000,4.756211
11.340000,2.941360
11.350000,0.003012
11.360000,-2.936487
11.370000,-4.754349
11.380000,-4.756215
11.390000,-2.941371
11.400000,-0.003025
11.410000,2.936476
11.420000,4.754345
11.430000,4.756219
11.440000,2.941382
11.450000,0.003038
11.460000,-2.936465
11.470000,-4.754341
11.480000,-4.756223
11.490000,-2.941392
11.500000,-0.003052
11.510000,2.936455
11.520000,4.754337
11.530000,4.756227
11.540000,2.941403
11.550000,0.003065
11.560000,-2.936444
11.570000,-4.754333
11.580000,-4.756231
11.590000,-2.941414
11.600000,-0.003078
11.610000,2.936433
11.620000,4.754329
11.630000,4.756235
11.640000,2.941425
11.650000,0.003091
11.660000,-2.936423
11.670000,-4.754325
11.680000,-4.756239
11.690000,-2.941435
11.700000,-0.003105
11.710000,2.936412
11.720000,4.754321
11.730000,4.756244
11.740000,2.941446
11.750000,0.003118
11.760000,-2.936401
11.770000,-4.754317
11.780000,-4.756248
11.790000,-2.941457
11.800000,-0.003131
11.810000,2.936390
11.820000,4.754312
11.830000,4.756252
11.840000,2.941467
11.850000,0.003145
11.860000,-2.936380
11.870000,-4.754308
11.880000,-4.756256
11.890000,-2.941478
11.900000,-0.003158
11.910000,2.936369
11.920000,4.754304
11.930000,4.756260
11.940000,2.941489
11.950000,0.003171
11.960000,-2.936358
11.970000,-4.754300
11.980000,-4.756264
11.990000,-2.941500
12.000000,-0.003184
12.010000,2.936347
12.020000,4.754296
12.030000,4.756268
12.040000,2.941510
12.050000,0.003198
12.060000,-2.936337
12.070000,-4.754292
12.080000,-4.756272
12.090000,-2.941521
12.100000,-0.003211
12.110000,2.936326
12.120000,4.754288
12.130000,4.756276
12.140000,2.941532
12.150000,0.003224
12.160000,-2.936315
12.170000,-4.754284
12.180000,-4.756280
12.190000,-2.941543
12.200000,-0.003237
12.210000,2.936304
12.220000,4.754280
12.230000,4.756284
12.240000,2.941553
12.250000,0.003251
12.260000,-2.936294
12.270000,-4.754275
12.280000,-4.756289
12.290000,-2.941564
12.300000,-0.003264
12.310000,2.936283
12.320000,4.754271
12.330000,4.756293
12.340000,2.941575
12.350000,0.003277
12.360000,-2.936272
12.370000,-4.754267
12.380000,-4.756297
12.390000,-2.941586
12.400000,-0.003290
12.410000,2.936261
12.420000,4.754263
12.430000,4.756301
12.440000,2.941596
12.450000,0.003304
12.460000,-2.936251
12.470000,-4.754259
12.480000,-4.756305
12.490000,-2.941607
12.500000,-0.003317
12.510000,2.936240
12.520000,4.754255
12.530000,4.756309
12.540000,2.941618
12.550000,0.003330
12.560000,-2.936229
12.570000,-4.754251
12.580000,-4.756313
12.590000,-2.941628
12.600000,-0.003344
12.610000,2.936218
12.620000,4.754247
12.630000,4.756317
12.640000,2.941639
12.650000,0.003357
12.660000,-2.936208
12.670000,-4.754243
12.680000,-4.756321
12.690000,-2.941650
12.700000,-0.003370
12.710000,2.936197
12.720000,4.754238
12.730000,4.756325
12.740000,2.941661
12.750000,0.003383
12.760000,-2.936186
12.770000,-4.754234
12.780000,-4.756329
12.790000,-2.941671
12.800000,-0.003397
12.810000,2.936176
12.820000,4.754230
12.830000,4.756334
12.840000,2.941682
12.850000,0.003410
12.860000,-2.936165
12.870000,-4.754226
12.880000,-4.756338
12.890000,-2.941693
12.900000,-0.003423
12.910000,2.936154
12.920000,4.754222
12.930000,4.756342
12.940000,2.941704
12.950000,0.003436
12.960000,-2.936143
12.970000,-4.754218
12.980000,-4.756346
12.990000,-2.941714
13.000000,-0.003450
13.010000,2.936133
13.020000,4.754214
13.030000,4.756350
13.040000,2.941725
13.050000,0.003463
13.060000,-2.936122
13.070000,-4.754210
13.080000,-4.756354
13.090000,-2.941736
13.100000,-0.003476
13.110000,2.936111
13.120000,4.754206
13.130000,4.756358
13.140000,2.941746
13.150000,0.003489
13.160000,-2.936100
13.170000,-4.754201
13.180000,-4.756362
13.190000,-2.941757
13.200000,-0.003503
13.210000,2.936090
13.220000,4.754197
13.230000,4.756366
13.240000,2.941768
13.250000,0.003516
13.260000,-2.936079
13.270000,-4.754193
13.280000,-4.756370
13.290000,-2.941779
13.300000,-0.003529
13.310000,2.936068
13.320000,4.754189
13.330000,4.756374
13.340000,2.941789
13.350000,0.003543
13.360000,-2.936057
13.370000,-4.754185
13.380000,-4.756379
13.390000,-2.941800
13.400000,-0.003556
13.410000,2.936047
13.420000,4.754181
13.430000,4.756383
13.440000,2.941811
13.450000,0.003569
13.460000,-2.936036
13.470000,-4.754177
13.480000,-4.756387
13.490000,-2.941822
13.500000,-0.003582
13.510000,2.936025
13.520000,4.754173
13.530000,4.756391
13.540000,2.941832
13.550000,0.003596
13.560000,-2.936014
13.570000,-4.754169
13.580000,-4.756395
13.590000,-2.941843
13.600000,-0.003609
13.610000,2.936004
13.620000,4.754164
13.630000,4.756399
13.640000,2.941854
13.650000,0.003622
13.660000,-2.935993
13.670000,-4.754160
13.680000,-4.756403
13.690000,-2.941864
13.700000,-0.003635
13.710000,2.935982
13.720000,4.754156
13.730000,4.756407
13.740000,2.941875
13.750000,0.003649
13.760000,-2.935971
13.770000,-4.754152
13.780000,-4.756411
13.790000,-2.941886
13.800000,-0.003662
13.810000,2.935961
13.820000,4.754148
13.830000,4.756415
13.840000,2.941897
13.850000,0.003675
13.860000,-2.935950
13.870000,-4.754144
13.880000,-4.756419
13.890000,-2.941907
13.900000,-0.003688
13.910000,2.935939
13.920000,4.754140
13.930000,4.756424
13.940000,2.941918
13.950000,0.003702
13.960000,-2.935929
13.970000,-4.754136
13.980000,-4.756428
13.990000,-2.941929
14.000000,-0.003715
14.010000,2.935918
14.020000,4.754132
14.030000,4.756432
14.040000,2.941940
14.050000,0.003728
14.060000,-2.935907
14.070000,-4.754128
14.080000,-4.756436
14.090000,-2.941950
14.100000,-0.003742
14.110000,2.935896
14.120000,4.754123
14.130000,4.756440
14.140000,2.941961
14.150000,0.003755
14.160000,-2.935886
14.170000,-4.754119
14.180000,-4.756444
14.190000,-2.941972
14.200000,-0.003768
14.210000,2.935875
14.220000,4.754115
14.230000,4.756448
14.240000,2.941982
14.250000,0.003781
14.260000,-2.935864
14.270000,-4.754111
14.280000,-4.756452
14.290000,-2.941993
14.300000,-0.003795
14.310000,2.935853
14.320000,4.754107
14.330000,4.756456
14.340000,2.942004
14.350000,0.003808
14.360000,-2.935843
14.370000,-4.754103
14.380000,-4.756460
14.390000,-2.942015
14.400000,-0.003821
14.410000,2.935832
14.420000,4.754099
14.430000,4.756464
14.440000,2.942025
14.450000,0.003834
14.460000,-2.935821
14.470000,-4.754095
14.480000,-4.756469
14.490000,-2.942036
14.500000,-0.003848
14.510000,2.935810
14.520000,4.754091
14.530000,4.756473
14.540000,2.942047
14.550000,0.003861
14.560000,-2.935800
14.570000,-4.754086
14.580000,-4.756477
14.590000,-2.942058
14.600000,-0.003874
14.610000,2.935789
14.620000,4.754082
14.630000,4.756481
14.640000,2.942068
14.650000,0.003888
14.660000,-2.935778
14.670000,-4.754078
14.680000,-4.756485
14.690000,-2.942079
14.700000,-0.003901
14.710000,2.935767
14.720000,4.754074
14.730000,4.756489
14.740000,2.942090
14.750000,0.003914
14.760000,-2.935757
14.770000,-4.754070
14.780000,-4.756493
14.790000,-2.942100
14.800000,-0.003927
14.810000,2.935746
14.820000,4.754066
14.830000,4.756497
14.840000,2.942111
14.850000,0.003941
14.860000,-2.935735
14.870000,-4.754062
14.880000,-4.756501
14.890000,-2.942122
14.900000,-0.003954
14.910000,2.935724
14.920000,4.754058
14.930000,4.756505
14.940000,2.942133
14.950000,0.003967
14.960000,-2.935714
14.970000,-4.754054
14.980000,-4.756509
14.990000,-2.942143
15.000000,-0.003980
15.010000,2.935703
15.020000,4.754049
15.030000,4.756514
15.040000,2.942154
15.050000,0.003994
15.060000,-2.935692
15.070000,-4.754045
15.080000,-4.756518
15.090000,-2.942165
15.100000,-0.004007
15.110000,2.935682
15.120000,4.754041
15.130000,4.756522
15.140000,2.942176
15.150000,0.004020
15.160000,-2.935671
15.170000,-4.754037
15.180000,-4.756526
15.190000,-2.942186
15.200000,-0.004033
15.210000,2.935660
15.220000,4.754033
15.230000,4.756530
15.240000,2.942197
15.250000,0.004047
15.260000,-2.935649
15.270000,-4.754029
15.280000,-4.756534
15.290000,-2.942208
15.300000,-0.004060
15.310000,2.935639
15.320000,4.754025
15.330000,4.756538
15.340000,2.942218
15.350000,0.004073
15.360000,-2.935628
15.370000,-4.754021
15.380000,-4.756542
15.390000,-2.942229
15.400000,-0.004087
15.410000,2.935617
15.420000,4.754017
15.430000,4.756546
15.440000,2.942240
15.450000,0.004100
15.460000,-2.935606
15.470000,-4.754012
15.480000,-4.756550
15.490000,-2.942251
15.500000,-0.004113
15.510000,2.935596
15.520000,4.754008
15.530000,4.756554
15.540000,2.942261
15.550000,0.004126
15.560000,-2.935585
15.570000,-4.754004
15.580000,-4.756559
15.590000,-2.942272
15.600000,-0.004140
15.610000,2.935574
15.620000,4.754000
15.630000,4.756563
15.640000,2.942283
15.650000,0.004153
15.660000,-2.935563
15.670000,-4.753996
15.680000,-4.756567
15.690000,-2.942294
15.700000,-0.004166
15.710000,2.935553
15.720000,4.753992
15.730000,4.756571
15.740000,2.942304
15.750000,0.004179
15.760000,-2.935542
15.770000,-4.753988
15.780000,-4.756575
15.790000,-2.942315
15.800000,-0.004193
15.810000,2.935531
15.820000,4.753984
15.830000,4.756579
15.840000,2.942326
15.850000,0.004206
15.860000,-2.935520
15.870000,-4.753980
15.880000,-4.756583
15.890000,-2.942336
15.900000,-0.004219
15.910000,2.935510
15.920000,4.753975
15.930000,4.756587
15.940000,2.942347
15.950000,0.004232
15.960000,-2.935499
15.970000,-4.753971
15.980000,-4.756591
15.990000,-2.942358
16.000000,-0.004246
16.010000,2.935488
16.020000,4.753967
16.030000,4.756595
16.040000,2.942369
16.050000,0.004259
16.060000,-2.935477
16.070000,-4.753963
16.080000,-4.756599
16.090000,-2.942379
16.100000,-0.004272
16.110000,2.935467
16.120000,4.753959
16.130000,4.756604
16.140000,2.942390
16.150000,0.004286
16.160000,-2.935456
16.170000,-4.753955
16.180000,-4.756608
16.190000,-2.942401
16.200000,-0.004299
16.210000,2.935445
16.220000,4.753951
16.230000,4.756612
16.240000,2.942412
16.250000,0.004312
16.260000,-2.935434
16.270000,-4.753947
16.280000,-4.756616
16.290000,-2.942422
16.300000,-0.004325
16.310000,2.935424
16.320000,4.753943
16.330000,4.756620
16.340000,2.942433
16.350000,0.004339
16.360000,-2.935413
16.370000,-4.753938
16.380000,-4.756624
16.390000,-2.942444
16.400000,-0.004352
16.410000,2.935402
16.420000,4.753934
16.430000,4.756628
16.440000,2.942454
16.450000,0.004365
16.460000,-2.935392
16.470000,-4.753930
16.480000,-4.756632
16.490000,-2.942465
16.500000,-0.004378
16.510000,2.935381
16.520000,4.753926
16.530000,4.756636
16.540000,2.942476
16.550000,0.004392
16.560000,-2.935370
16.570000,-4.753922
16.580000,-4.756640
16.590000,-2.942487
16.600000,-0.004405
16.610000,2.935359
16.620000,4.753918
16.630000,4.756644
16.640000,2.942497
16.650000,0.004418
16.660000,-2.935349
16.670000,-4.753914
16.680000,-4.756648
16.690000,-2.942508
16.700000,-0.004431
16.710000,2.935338
16.720000,4.753910
16.730000,4.756653
16.740000,2.942519
16.750000,0.004445
16.760000,-2.935327
16.770000,-4.753906
16.780000,-4.756657
16.790000,-2.942530
16.800000,-0.004458
16.810000,2.935316
16.820000,4.753901
16.830000,4.756661
16.840000,2.942540
16.850000,0.004471
16.860000,-2.935306
16.870000,-4.753897
16.880000,-4.756665
16.890000,-2.942551
16.900000,-0.004485
16.910000,2.935295
16.920000,4.753893
16.930000,4.756669
16.940000,2.942562
16.950000,0.004498
16.960000,-2.935284
16.970000,-4.753889
16.980000,-4.756673
16.990000,-2.942572
17.000000,-0.004511
17.010000,2.935273
17.020000,4.753885
17.030000,4.756677
17.040000,2.942583
17.050000,0.004524
17.060000,-2.935263
17.070000,-4.753881
17.080000,-4.756681
17.090000,-2.942594
17.100000,-0.004538
17.110000,2.935252
17.120000,4.753877
17.130000,4.756685
17.140000,2.942605
17.150000,0.004551
17.160000,-2.935241
17.170000,-4.753873
17.180000,-4.756689
17.190000,-2.942615
17.200000,-0.004564
17.210000,2.935230
17.220000,4.753869
17.230000,4.756693
17.240000,2.942626
17.250000,0.004577
17.260000,-2.935220
17.270000,-4.753864
17.280000,-4.756698
17.290000,-2.942637
17.300000,-0.004591
17.310000,2.935209
17.320000,4.753860
17.330000,4.756702
17.340000,2.942648
17.350000,0.004604
17.360000,-2.935198
17.370000,-4.753856
17.380000,-4.756706
17.390000,-2.942658
17.400000,-0.004617
17.410000,2.935187
17.420000,4.753852
17.430000,4.756710
17.440000,2.942669
17.450000,0.004631
17.460000,-2.935177
17.470000,-4.753848
17.480000,-4.756714
17.490000,-2.942680
17.500000,-0.004644
17.510000,2.935166
17.520000,4.753844
17.530000,4.756718
17.540000,2.942690
17.550000,0.004657
17.560000,-2.935155
17.570000,-4.753840
17.580000,-4.756722
17.590000,-2.942701
17.600000,-0.004670
17.610000,2.935144
17.620000,4.753836
17.630000,4.756726
17.640000,2.942712
17.650000,0.004684
17.660000,-2.935134
17.670000,-4.753832
17.680000,-4.756730
17.690000,-2.942723
17.700000,-0.004697
17.710000,2.935123
17.720000,4.753827
17.730000,4.756734
17.740000,2.942733
17.750000,0.004710
17.760000,-2.935112
17.770000,-4.753823
17.780000,-4.756738
17.790000,-2.942744
17.800000,-0.004723
17.810000,2.935101
17.820000,4.753819
17.830000,4.756743
17.840000,2.942755
17.850000,0.004737
17.860000,-2.935091
17.870000,-4.753815
17.880000,-4.756747
17.890000,-2.942766
17.900000,-0.004750
17.910000,2.935080
17.920000,4.753811
17.930000,4.756751
17.940000,2.942776
17.950000,0.004763
17.960000,-2.935069
17.970000,-4.753807
17.980000,-4.756755
17.990000,-2.942787
18.000000,-0.004776
18.010000,2.935059
18.020000,4.753803
18.030000,4.756759
18.040000,2.942798
18.050000,0.004790
18.060000,-2.935048
18.070000,-4.753799
18.080000,-4.756763
18.090000,-2.942808
18.100000,-0.004803
18.110000,2.935037
18.120000,4.753795
18.130000,4.756767
18.140000,2.942819
18.150000,0.004816
18.160000,-2.935026
18.170000,-4.753790
18.180000,-4.756771
18.190000,-2.942830
18.200000,-0.004830
18.210000,2.935016
18.220000,4.753786
18.230000,4.756775
18.240000,2.942841
18.250000,0.004843
18.260000,-2.935005
18.270000,-4.753782
18.280000,-4.756779
18.290000,-2.942851
18.300000,-0.004856
18.310000,2.934994
18.320000,4.753778
18.330000,4.756783
18.340000,2.942862
18.350000,0.004869
18.360000,-2.934983
18.370000,-4.753774
18.380000,-4.756787
18.390000,-2.942873
18.400000,-0.004883
18.410000,2.934973
18.420000,4.753770
18.430000,4.756792
18.440000,2.942884
18.450000,0.004896
18.460000,-2.934962
18.470000,-4.753766
18.480000,-4.756796
18.490000,-2.942894
18.500000,-0.004909
18.510000,2.934951
18.520000,4.753762
18.530000,4.756800
18.540000,2.942905
18.550000,0.004922
18.560000,-2.934940
18.570000,-4.753758
18.580000,-4.756804
18.590000,-2.942916
18.600000,-0.004936
18.610000,2.934930
18.620000,4.753753
18.630000,4.756808
18.640000,2.942926
18.650000,0.004949
18.660000,-2.934919
18.670000,-4.753749
18.680000,-4.756812
18.690000,-2.942937
18.700000,-0.004962
18.710000,2.934908
18.720000,4.753745
18.730000,4.756816
18.740000,2.942948
18.750000,0.004975
18.760000,-2.934897
18.770000,-4.753741
18.780000,-4.756820
18.790000,-2.942959
18.800000,-0.004989
18.810000,2.934887
18.820000,4.753737
18.830000,4.756824
18.840000,2.942969
18.850000,0.005002
18.860000,-2.934876
18.870000,-4.753733
18.880000,-4.756828
18.890000,-2.942980
18.900000,-0.005015
18.910000,2.934865
18.920000,4.753729
18.930000,4.756832
18.940000,2.942991
18.950000,0.005029
18.960000,-2.934854
18.970000,-4.753725
18.980000,-4.756837
18.990000,-2.943002
19.000000,-0.005042
19.010000,2.934844
19.020000,4.753721
19.030000,4.756841
19.040000,2.943012
19.050000,0.005055
19.060000,-2.934833
19.070000,-4.753716
19.080000,-4.756845
19.090000,-2.943023
19.100000,-0.005068
19.110000,2.934822
19.120000,4.753712
19.130000,4.756849
19.140000,2.943034
19.150000,0.005082
19.160000,-2.934811
19.170000,-4.753708
19.180000,-4.756853
19.190000,-2.943044
19.200000,-0.005095
19.210000,2.934801
19.220000,4.753704
19.230000,4.756857
19.240000,2.943055
19.250000,0.005108
19.260000,-2.934790
19.270000,-4.753700
19.280000,-4.756861
19.290000,-2.943066
19.300000,-0.005121
19.310000,2.934779
19.320000,4.753696
19.330000,4.756865
19.340000,2.943077
19.350000,0.005135
19.360000,-2.934769
19.370000,-4.753692
19.380000,-4.756869
19.390000,-2.943087
19.400000,-0.005148
19.410000,2.934758
19.420000,4.753688
19.430000,4.756873
19.440000,2.943098
19.450000,0.005161
19.460000,-2.934747
19.470000,-4.753683
19.480000,-4.756877
19.490000,-2.943109
19.500000,-0.005174
19.510000,2.934736
19.520000,4.753679
19.530000,4.756881
19.540000,2.943120
19.550000,0.005188
19.560000,-2.934726
19.570000,-4.753675
19.580000,-4.756886
19.590000,-2.943130
19.600000,-0.005201
19.610000,2.934715
19.620000,4.753671
19.630000,4.756890
19.640000,2.943141
19.650000,0.005214
19.660000,-2.934704
19.670000,-4.753667
19.680000,-4.756894
19.690000,-2.943152
19.700000,-0.005228
19.710000,2.934693
19.720000,4.753663
19.730000,4.756898
19.740000,2.943162
19.750000,0.005241
19.760000,-2.934683
19.770000,-4.753659
19.780000,-4.756902
19.790000,-2.943173
19.800000,-0.005254
19.810000,2.934672
19.820000,4.753655
19.830000,4.756906
19.840000,2.943184
19.850000,0.005267
19.860000,-2.934661
19.870000,-4.753651
19.880000,-4.756910
19.890000,-2.943195
19.900000,-0.005281
19.910000,2.934650
19.920000,4.753646
19.930000,4.756914
19.940000,2.943205
19.950000,0.005294
19.960000,-2.934640
19.970000,-4.753642
19.980000,-4.756918
19.990000,-2.943216
20.000000,-0.005307
20.010000,2.934629
20.020000,4.753638
20.030000,4.756922
20.040000,2.943227
20.050000,0.005320
20.060000,-2.934618
20.070000,-4.753634
20.080000,-4.756926
20.090000,-2.943238
20.100000,-0.005334
20.110000,2.934607
20.120000,4.753630
20.130000,4.756931
20.140000,2.943248
20.150000,0.005347
20.160000,-2.934597
20.170000,-4.753626
20.180000,-4.756935
20.190000,-2.943259
20.200000,-0.005360
20.210000,2.934586
20.220000,4.753622
20.230000,4.756939
20.240000,2.943270
20.250000,0.005374
20.260000,-2.934575
20.270000,-4.753618
20.280000,-4.756943
20.290000,-2.943280
20.300000,-0.005387
20.310000,2.934564
20.320000,4.753614
20.330000,4.756947
20.340000,2.943291
20.350000,0.005400
20.360000,-2.934554
20.370000,-4.753609
20.380000,-4.756951
20.390000,-2.943302
20.400000,-0.005413
20.410000,2.934543
20.420000,4.753605
20.430000,4.756955
20.440000,2.943313
20.450000,0.005427
20.460000,-2.934532
20.470000,-4.753601
20.480000,-4.756959
20.490000,-2.943323
20.500000,-0.005440
20.510000,2.934521
20.520000,4.753597
20.530000,4.756963
20.540000,2.943334
20.550000,0.005453
20.560000,-2.934511
20.570000,-4.753593
20.580000,-4.756967
20.590000,-2.943345
20.600000,-0.005466
20.610000,2.934500
20.620000,4.753589
20.630000,4.756971
20.640000,2.943355
20.650000,0.005480
20.660000,-2.934489
20.670000,-4.753585
20.680000,-4.756975
20.690000,-2.943366
20.700000,-0.005493
20.710000,2.934478
20.720000,4.753581
20.730000,4.756980
20.740000,2.943377
20.750000,0.005506
20.760000,-2.934468
20.770000,-4.753577
20.780000,-4.756984
20.790000,-2.943388
20.800000,-0.005519
20.810000,2.934457
20.820000,4.753572
20.830000,4.756988
20.840000,2.943398
20.850000,0.005533
20.860000,-2.934446
20.870000,-4.753568
20.880000,-4.756992
20.890000,-2.943409
20.900000,-0.005546
20.910000,2.934435
20.920000,4.753564
20.930000,4.756996
20.940000,2.943420
20.950000,0.005559
20.960000,-2.934425
20.970000,-4.753560
20.980000,-4.757000
20.990000,-2.943431
21.000000,-0.005573
21.010000,2.934414
21.020000,4.753556
21.030000,4.757004
21.040000,2.943441
21.050000,0.005586
21.060000,-2.934403
21.070000,-4.753552
21.080000,-4.757008
21.090000,-2.943452
21.100000,-0.005599
21.110000,2.934393
21.120000,4.753548
21.130000,4.757012
21.140000,2.943463
21.150000,0.005612
21.160000,-2.934382
21.170000,-4.753544
21.180000,-4.757016
21.190000,-2.943473
21.200000,-0.005626
21.210000,2.934371
21.220000,4.753540
21.230000,4.757020
21.240000,2.943484
21.250000,0.005639
21.260000,-2.934360
21.270000,-4.753535
21.280000,-4.757025
21.290000,-2.943495
21.300000,-0.005652
21.310000,2.934350
21.320000,4.753531
21.330000,4.757029
21.340000,2.943506
21.350000,0.005665
21.360000,-2.934339
21.370000,-4.753527
21.380000,-4.757033
21.390000,-2.943516
21.400000,-0.005679
21.410000,2.934328
21.420000,4.753523
21.430000,4.757037
21.440000,2.943527
21.450000,0.005692
21.460000,-2.934317
21.470000,-4.753519
21.480000,-4.757041
21.490000,-2.943538
21.500000,-0.005705
21.510000,2.934307
21.520000,4.753515
21.530000,4.757045
21.540000,2.943549
21.550000,0.005718
21.560000,-2.934296
21.570000,-4.753511
21.580000,-4.757049
21.590000,-2.943559
21.600000,-0.005732
21.610000,2.934285
21.620000,4.753507
21.630000,4.757053
21.640000,2.943570
21.650000,0.005745
21.660000,-2.934274
21.670000,-4.753502
21.680000,-4.757057
21.690000,-2.943581
21.700000,-0.005758
21.710000,2.934264
21.720000,4.753498
21.730000,4.757061
21.740000,2.943591
21.750000,0.005772
21.760000,-2.934253
21.770000,-4.753494
21.780000,-4.757065
21.790000,-2.943602
21.800000,-0.005785
21.810000,2.934242
21.820000,4.753490
21.830000,4.757069
21.840000,2.943613
21.850000,0.005798
21.860000,-2.934231
21.870000,-4.753486
21.880000,-4.757074
21.890000,-2.943624
21.900000,-0.005811
21.910000,2.934221
21.920000,4.753482
21.930000,4.757078
21.940000,2.943634
21.950000,0.005825
21.960000,-2.934210
21.970000,-4.753478
21.980000,-4.757082
21.990000,-2.943645
22.000000,-0.005838
22.010000,2.934199
22.020000,4.753474
22.030000,4.757086
22.040000,2.943656
22.050000,0.005851
22.060000,-2.934188
22.070000,-4.753470
22.080000,-4.757090
22.090000,-2.943667
22.100000,-0.005864
22.110000,2.934178
22.120000,4.753465
22.130000,4.757094
22.140000,2.943677
22.150000,0.005878
22.160000,-2.934167
22.170000,-4.753461
22.180000,-4.757098
22.190000,-2.943688
22.200000,-0.005891
22.210000,2.934156
22.220000,4.753457
22.230000,4.757102
22.240000,2.943699
22.250000,0.005904
22.260000,-2.934145
22.270000,-4.753453
22.280000,-4.757106
22.290000,-2.943709
22.300000,-0.005918
22.310000,2.934135
22.320000,4.753449
22.330000,4.757110
22.340000,2.943720
22.350000,0.005931
22.360000,-2.934124
22.370000,-4.753445
22.380000,-4.757114
22.390000,-2.943731
22.400000,-0.005944
22.410000,2.934113
22.420000,4.753441
22.430000,4.757118
22.440000,2.943742
22.450000,0.005957
22.460000,-2.934102
22.470000,-4.753437
22.480000,-4.757123
22.490000,-2.943752
22.500000,-0.005971
22.510000,2.934092
22.520000,4.753433
22.530000,4.757127
22.540000,2.943763
22.550000,0.005984
22.560000,-2.934081
22.570000,-4.753428
22.580000,-4.757131
22.590000,-2.943774
22.600000,-0.005997
22.610000,2.934070
22.620000,4.753424
22.630000,4.757135
22.640000,2.943784
22.650000,0.006010
22.660000,-2.934059
22.670000,-4.753420
22.680000,-4.757139
22.690000,-2.943795
22.700000,-0.006024
22.710000,2.934049
22.720000,4.753416
22.730000,4.757143
22.740000,2.943806
22.750000,0.006037
22.760000,-2.934038
22.770000,-4.753412
22.780000,-4.757147
22.790000,-2.943817
22.800000,-0.006050
22.810000,2.934027
22.820000,4.753408
22.830000,4.757151
22.840000,2.943827
22.850000,0.006063
22.860000,-2.934017
22.870000,-4.753404
22.880000,-4.757155
22.890000,-2.943838
22.900000,-0.006077
22.910000,2.934006
22.920000,4.753400
22.930000,4.757159
22.940000,2.943849
22.950000,0.006090
22.960000,-2.933995
22.970000,-4.753395
22.980000,-4.757163
22.990000,-2.943860
23.000000,-0.006103
23.010000,2.933984
23.020000,4.753391
23.030000,4.757167
23.040000,2.943870
23.050000,0.006117
23.060000,-2.933974
23.070000,-4.753387
23.080000,-4.757172
23.090000,-2.943881
23.100000,-0.006130
23.110000,2.933963
23.120000,4.753383
23.130000,4.757176
23.140000,2.943892
23.150000,0.006143
23.160000,-2.933952
23.170000,-4.753379
23.180000,-4.757180
23.190000,-2.943902
23.200000,-0.006156
23.210000,2.933941
23.220000,4.753375
23.230000,4.757184
23.240000,2.943913
23.250000,0.006170
23.260000,-2.933931
23.270000,-4.753371
23.280000,-4.757188
23.290000,-2.943924
23.300000,-0.006183
23.310000,2.933920
23.320000,4.753367
23.330000,4.757192
23.340000,2.943935
23.350000,0.006196
23.360000,-2.933909
23.370000,-4.753363
23.380000,-4.757196
23.390000,-2.943945
23.400000,-0.006209
23.410000,2.933898
23.420000,4.753358
23.430000,4.757200
23.440000,2.943956
23.450000,0.006223
23.460000,-2.933888
23.470000,-4.753354
23.480000,-4.757204
23.490000,-2.943967
23.500000,-0.006236
23.510000,2.933877
23.520000,4.753350
23.530000,4.757208
23.540000,2.943978
23.550000,0.006249
23.560000,-2.933866
23.570000,-4.753346
23.580000,-4.757212
23.590000,-2.943988
23.600000,-0.006262
23.610000,2.933855
23.620000,4.753342
23.630000,4.757217
23.640000,2.943999
23.650000,0.006276
23.660000,-2.933845
23.670000,-4.753338
23.680000,-4.757221
23.690000,-2.944010
23.700000,-0.006289
23.710000,2.933834
23.720000,4.753334
23.730000,4.757225
23.740000,2.944020
23.750000,0.006302
23.760000,-2.933823
23.770000,-4.753330
23.780000,-4.757229
23.790000,-2.944031
23.800000,-0.006316
23.810000,2.933812
23.820000,4.753326
23.830000,4.757233
23.840000,2.944042
23.850000,0.006329
23.860000,-2.933802
23.870000,-4.753321
23.880000,-4.757237
23.890000,-2.944053
23.900000,-0.006342
23.910000,2.933791
23.920000,4.753317
23.930000,4.757241
23.940000,2.944063
23.950000,0.006355
23.960000,-2.933780
23.970000,-4.753313
23.980000,-4.757245
23.990000,-2.944074
24.000000,-0.006369
24.010000,2.933769
24.020000,4.753309
24.030000,4.757249
24.040000,2.944085
24.050000,0.006382
24.060000,-2.933759
24.070000,-4.753305
24.080000,-4.757253
24.090000,-2.944095
24.100000,-0.006395
24.110000,2.933748
24.120000,4.753301
24.130000,4.757257
24.140000,2.944106
24.150000,0.006408
24.160000,-2.933737
24.170000,-4.753297
24.180000,-4.757261
24.190000,-2.944117
24.200000,-0.006422
24.210000,2.933726
24.220000,4.753293
24.230000,4.757266
24.240000,2.944128
24.250000,0.006435
24.260000,-2.933716
24.270000,-4.753288
24.280000,-4.757270
24.290000,-2.944138
24.300000,-0.006448
24.310000,2.933705
24.320000,4.753284
24.330000,4.757274
24.340000,2.944149
24.350000,0.006461
24.360000,-2.933694
24.370000,-4.753280
24.380000,-4.757278
24.390000,-2.944160
24.400000,-0.006475
24.410000,2.933683
24.420000,4.753276
24.430000,4.757282
24.440000,2.944171
24.450000,0.006488
24.460000,-2.933673
24.470000,-4.753272
24.480000,-4.757286
24.490000,-2.944181
24.500000,-0.006501
24.510000,2.933662
24.520000,4.753268
24.530000,4.757290
24.540000,2.944192
24.550000,0.006515
24.560000,-2.933651
24.570000,-4.753264
24.580000,-4.757294
24.590000,-2.944203
24.600000,-0.006528
24.610000,2.933640
24.620000,4.753260
24.630000,4.757298
24.640000,2.944213
24.650000,0.006541
24.660000,-2.933630
24.670000,-4.753256
24.680000,-4.757302
24.690000,-2.944224
24.700000,-0.006554
24.710000,2.933619
24.720000,4.753251
24.730000,4.757306
24.740000,2.944235
24.750000,0.006568
24.760000,-2.933608
24.770000,-4.753247
24.780000,-4.757310
24.790000,-2.944246
24.800000,-0.006581
24.810000,2.933598
24.820000,4.753243
24.830000,4.757315
24.840000,2.944256
24.850000,0.006594
24.860000,-2.933587
24.870000,-4.753239
24.880000,-4.757319
24.890000,-2.944267
24.900000,-0.006607
24.910000,2.933576
24.920000,4.753235
24.930000,4.757323
24.940000,2.944278
24.950000,0.006621
24.960000,-2.933565
24.970000,-4.753231
24.980000,-4.757327
24.990000,-2.944289
25.000000,-0.006634
25.010000,2.933555
25.020000,4.753227
25.030000,4.757331
25.040000,2.944299
25.050000,0.006647
25.060000,-2.933544
25.070000,-4.753223
25.080000,-4.757335
25.090000,-2.944310
25.100000,-0.006661
25.110000,2.933533
25.120000,4.753219
25.130000,4.757339
25.140000,2.944321
25.150000,0.006674
25.160000,-2.933522
25.170000,-4.753214
25.180000,-4.757343
25.190000,-2.944331
25.200000,-0.006687
25.210000,2.933512
25.220000,4.753210
25.230000,4.757347
25.240000,2.944342
25.250000,0.006700
25.260000,-2.933501
25.270000,-4.753206
25.280000,-4.757351
25.290000,-2.944353
25.300000,-0.006714
25.310000,2.933490
25.320000,4.753202
25.330000,4.757355
25.340000,2.944364
25.350000,0.006727
25.360000,-2.933479
25.370000,-4.753198
25.380000,-4.757359
25.390000,-2.944374
25.400000,-0.006740
25.410000,2.933469
25.420000,4.753194
25.430000,4.757364
25.440000,2.944385
25.450000,0.006753
25.460000,-2.933458
25.470000,-4.753190
25.480000,-4.757368
25.490000,-2.944396
25.500000,-0.006767
25.510000,2.933447
25.520000,4.753186
25.530000,4.757372
25.540000,2.944406
25.550000,0.006780
25.560000,-2.933436
25.570000,-4.753181
25.580000,-4.757376
25.590000,-2.944417
25.600000,-0.006793
25.610000,2.933426
25.620000,4.753177
25.630000,4.757380
25.640000,2.944428
25.650000,0.006806
25.660000,-2.933415
25.670000,-4.753173
25.680000,-4.757384
25.690000,-2.944439
25.700000,-0.006820
25.710000,2.933404
25.720000,4.753169
25.730000,4.757388
25.740000,2.944449
25.750000,0.006833
25.760000,-2.933393
25.770000,-4.753165
25.780000,-4.757392
25.790000,-2.944460
25.800000,-0.006846
25.810000,2.933383
25.820000,4.753161
25.830000,4.757396
25.840000,2.944471
25.850000,0.006860
25.860000,-2.933372
25.870000,-4.753157
25.880000,-4.757400
25.890000,-2.944482
25.900000,-0.006873
25.910000,2.933361
25.920000,4.753153
25.930000,4.757404
25.940000,2.944492
25.950000,0.006886
25.960000,-2.933350
25.970000,-4.753149
25.980000,-4.757408
25.990000,-2.944503
26.000000,-0.006899
26.010000,2.933340
26.020000,4.753144
26.030000,4.757413
26.040000,2.944514
26.050000,0.006913
26.060000,-2.933329
26.070000,-4.753140
26.080000,-4.757417
26.090000,-2.944524
26.100000,-0.006926
26.110000,2.933318
26.120000,4.753136
26.130000,4.757421
26.140000,2.944535
26.150000,0.006939
26.160000,-2.933307
26.170000,-4.753132
26.180000,-4.757425
26.190000,-2.944546
26.200000,-0.006952
26.210000,2.933297
26.220000,4.753128
26.230000,4.757429
26.240000,2.944557
26.250000,0.006966
26.260000,-2.933286
26.270000,-4.753124
26.280000,-4.757433
26.290000,-2.944567
26.300000,-0.006979
26.310000,2.933275
26.320000,4.753120
26.330000,4.757437
26.340000,2.944578
26.350000,0.006992
26.360000,-2.933264
26.370000,-4.753116
26.380000,-4.757441
26.390000,-2.944589
26.400000,-0.007005
26.410000,2.933254
26.420000,4.753111
26.430000,4.757445
26.440000,2.944600
26.450000,0.007019
26.460000,-2.933243
26.470000,-4.753107
26.480000,-4.757449
26.490000,-2.944610
26.500000,-0.007032
26.510000,2.933232
26.520000,4.753103
26.530000,4.757453
26.540000,2.944621
26.550000,0.007045
26.560000,-2.933221
26.570000,-4.753099
26.580000,-4.757457
26.590000,-2.944632
26.600000,-0.007059
26.610000,2.933211
26.620000,4.753095
26.630000,4.757462
26.640000,2.944642
26.650000,0.007072
26.660000,-2.933200
26.670000,-4.753091
26.680000,-4.757466
26.690000,-2.944653
26.700000,-0.007085
26.710000,2.933189
26.720000,4.753087
26.730000,4.757470
26.740000,2.944664
26.750000,0.007098
26.760000,-2.933178
26.770000,-4.753083
26.780000,-4.757474
26.790000,-2.944675
26.800000,-0.007112
26.810000,2.933168
26.820000,4.753079
26.830000,4.757478
26.840000,2.944685
26.850000,0.007125
26.860000,-2.933157
26.870000,-4.753074
26.880000,-4.757482
26.890000,-2.944696
26.900000,-0.007138
26.910000,2.933146
26.920000,4.753070
26.930000,4.757486
26.940000,2.944707
26.950000,0.007151
26.960000,-2.933135
26.970000,-4.753066
26.980000,-4.757490
26.990000,-2.944717
27.000000,-0.007165
27.010000,2.933125
27.020000,4.753062
27.030000,4.757494
27.040000,2.944728
27.050000,0.007178
27.060000,-2.933114
27.070000,-4.753058
27.080000,-4.757498
27.090000,-2.944739
27.100000,-0.007191
27.110000,2.933103
27.120000,4.753054
27.130000,4.757502
27.140000,2.944750
27.150000,0.007204
27.160000,-2.933093
27.170000,-4.753050
27.180000,-4.757506
27.190000,-2.944760
27.200000,-0.007218
27.210000,2.933082
27.220000,4.753046
27.230000,4.757510
27.240000,2.944771
27.250000,0.007231
27.260000,-2.933071
27.270000,-4.753041
27.280000,-4.757515
27.290000,-2.944782
27.300000,-0.007244
27.310000,2.933060
27.320000,4.753037
27.330000,4.757519
27.340000,2.944793
27.350000,0.007258
27.360000,-2.933050
27.370000,-4.753033
27.380000,-4.757523
27.390000,-2.944803
27.400000,-0.007271
27.410000,2.933039
27.420000,4.753029
27.430000,4.757527
27.440000,2.944814
27.450000,0.007284
27.460000,-2.933028
27.470000,-4.753025
27.480000,-4.757531
27.490000,-2.944825
27.500000,-0.007297
27.510000,2.933017
27.520000,4.753021
27.530000,4.757535
27.540000,2.944835
27.550000,0.007311
27.560000,-2.933007
27.570000,-4.753017
27.580000,-4.757539
27.590000,-2.944846
27.600000,-0.007324
27.610000,2.932996
27.620000,4.753013
27.630000,4.757543
27.640000,2.944857
27.650000,0.007337
27.660000,-2.932985
27.670000,-4.753009
27.680000,-4.757547
27.690000,-2.944868
27.700000,-0.007350
27.710000,2.932974
27.720000,4.753004
27.730000,4.757551
27.740000,2.944878
27.750000,0.007364
27.760000,-2.932964
27.770000,-4.753000
27.780000,-4.757555
27.790000,-2.944889
27.800000,-0.007377
27.810000,2.932953
27.820000,4.752996
27.830000,4.757559
27.840000,2.944900
27.850000,0.007390
27.860000,-2.932942
27.870000,-4.752992
27.880000,-4.757564
27.890000,-2.944910
27.900000,-0.007404
27.910000,2.932931
27.920000,4.752988
27.930000,4.757568
27.940000,2.944921
27.950000,0.007417
27.960000,-2.932921
27.970000,-4.752984
27.980000,-4.757572
27.990000,-2.944932
28.000000,-0.007430
28.010000,2.932910
28.020000,4.752980
28.030000,4.757576
28.040000,2.944943
28.050000,0.007443
28.060000,-2.932899
28.070000,-4.752976
28.080000,-4.757580
28.090000,-2.944953
28.100000,-0.007457
28.110000,2.932888
28.120000,4.752971
28.130000,4.757584
28.140000,2.944964
28.150000,0.007470
28.160000,-2.932878
28.170000,-4.752967
28.180000,-4.757588
28.190000,-2.944975
28.200000,-0.007483
28.210000,2.932867
28.220000,4.752963
28.230000,4.757592
28.240000,2.944986
28.250000,0.007496
28.260000,-2.932856
28.270000,-4.752959
28.280000,-4.757596
28.290000,-2.944996
28.300000,-0.007510
28.310000,2.932845
28.320000,4.752955
28.330000,4.757600
28.340000,2.945007
28.350000,0.007523
28.360000,-2.932835
28.370000,-4.752951
28.380000,-4.757604
28.390000,-2.945018
28.400000,-0.007536
28.410000,2.932824
28.420000,4.752947
28.430000,4.757608
28.440000,2.945028
28.450000,0.007549
28.460000,-2.932813
28.470000,-4.752943
28.480000,-4.757613
28.490000,-2.945039
28.500000,-0.007563
28.510000,2.932802
28.520000,4.752938
28.530000,4.757617
28.540000,2.945050
28.550000,0.007576
28.560000,-2.932792
28.570000,-4.752934
28.580000,-4.757621
28.590000,-2.945061
28.600000,-0.007589
28.610000,2.932781
28.620000,4.752930
28.630000,4.757625
28.640000,2.945071
28.650000,0.007603
28.660000,-2.932770
28.670000,-4.752926
28.680000,-4.757629
28.690000,-2.945082
28.700000,-0.007616
28.710000,2.932759
28.720000,4.752922
28.730000,4.757633
28.740000,2.945093
28.750000,0.007629
28.760000,-2.932749
28.770000,-4.752918
28.780000,-4.757637
28.790000,-2.945103
28.800000,-0.007642
28.810000,2.932738
28.820000,4.752914
28.830000,4.757641
28.840000,2.945114
28.850000,0.007656
28.860000,-2.932727
28.870000,-4.752910
28.880000,-4.757645
28.890000,-2.945125
28.900000,-0.007669
28.910000,2.932716
28.920000,4.752906
28.930000,4.757649
28.940000,2.945136
28.950000,0.007682
28.960000,-2.932706
28.970000,-4.752901
28.980000,-4.757653
28.990000,-2.945146
29.000000,-0.007695
29.010000,2.932695
29.020000,4.752897
29.030000,4.757657
29.040000,2.945157
29.050000,0.007709
29.060000,-2.932684
29.070000,-4.752893
29.080000,-4.757661
29.090000,-2.945168
29.100000,-0.007722
29.110000,2.932673
29.120000,4.752889
29.130000,4.757666
29.140000,2.945179
29.150000,0.007735
29.160000,-2.932663
29.170000,-4.752885
29.180000,-4.757670
29.190000,-2.945189
29.200000,-0.007748
29.210000,2.932652
29.220000,4.752881
29.230000,4.757674
29.240000,2.945200
29.250000,0.007762
29.260000,-2.932641
29.270000,-4.752877
29.280000,-4.757678
29.290000,-2.945211
29.300000,-0.007775
29.310000,2.932630
29.320000,4.752873
29.330000,4.757682
29.340000,2.945221
29.350000,0.007788
29.360000,-2.932620
29.370000,-4.752868
29.380000,-4.757686
29.390000,-2.945232
29.400000,-0.007802
29.410000,2.932609
29.420000,4.752864
29.430000,4.757690
29.440000,2.945243
29.450000,0.007815
29.460000,-2.932598
29.470000,-4.752860
29.480000,-4.757694
29.490000,-2.945254
29.500000,-0.007828
29.510000,2.932587
29.520000,4.752856
29.530000,4.757698
29.540000,2.945264
29.550000,0.007841
29.560000,-2.932577
29.570000,-4.752852
29.580000,-4.757702
29.590000,-2.945275
29.600000,-0.007855
29.610000,2.932566
29.620000,4.752848
29.630000,4.757706
29.640000,2.945286
29.650000,0.007868
29.660000,-2.932555
29.670000,-4.752844
29.680000,-4.757710
29.690000,-2.945296
29.700000,-0.007881
29.710000,2.932544
29.720000,4.752840
29.730000,4.757715
29.740000,2.945307
29.750000,0.007894
29.760000,-2.932534
29.770000,-4.752835
29.780000,-4.757719
29.790000,-2.945318
29.800000,-0.007908
29.810000,2.932523
29.820000,4.752831
29.830000,4.757723
29.840000,2.945329
29.850000,0.007921
29.860000,-2.932512
29.870000,-4.752827
29.880000,-4.757727
29.890000,-2.945339
29.900000,-0.007934
29.910000,2.932501
29.920000,4.752823
29.930000,4.757731
29.940000,2.945350
29.950000,0.007947
29.960000,-2.932491
29.970000,-4.752819
29.980000,-4.757735
29.990000,-2.945361
30.000000,-0.007961
30.010000,2.932480
30.020000,4.752815
30.030000,4.757739
30.040000,2.945372
30.050000,0.007974
30.060000,-2.932469
30.070000,-4.752811
30.080000,-4.757743
30.090000,-2.945382
30.100000,-0.007987
30.110000,2.932458
30.120000,4.752807
30.130000,4.757747
30.140000,2.945393
30.150000,0.008001
30.160000,-2.932448
30.170000,-4.752803
30.180000,-4.757751
30.190000,-2.945404
30.200000,-0.008014
30.210000,2.932437
30.220000,4.752798
30.230000,4.757755
30.240000,2.945414
30.250000,0.008027
30.260000,-2.932426
30.270000,-4.752794
30.280000,-4.757759
30.290000,-2.945425
30.300000,-0.008040
30.310000,2.932416
30.320000,4.752790
30.330000,4.757763
30.340000,2.945436
30.350000,0.008054
30.360000,-2.932405
30.370000,-4.752786
30.380000,-4.757768
30.390000,-2.945447
30.400000,-0.008067
30.410000,2.932394
30.420000,4.752782
30.430000,4.757772
30.440000,2.945457
30.450000,0.008080
30.460000,-2.932383
30.470000,-4.752778
30.480000,-4.757776
30.490000,-2.945468
30.500000,-0.008093
30.510000,2.932373
30.520000,4.752774
30.530000,4.757780
30.540000,2.945479
30.550000,0.008107
30.560000,-2.932362
30.570000,-4.752770
30.580000,-4.757784
30.590000,-2.945489
30.600000,-0.008120
30.610000,2.932351
30.620000,4.752765
30.630000,4.757788
30.640000,2.945500
30.650000,0.008133
30.660000,-2.932340
30.670000,-4.752761
30.680000,-4.757792
30.690000,-2.945511
30.700000,-0.008147
30.710000,2.932330
30.720000,4.752757
30.730000,4.757796
30.740000,2.945522
30.750000,0.008160
30.760000,-2.932319
30.770000,-4.752753
30.780000,-4.757800
30.790000,-2.945532
30.800000,-0.008173
30.810000,2.932308
30.820000,4.752749
30.830000,4.757804
30.840000,2.945543
30.850000,0.008186
30.860000,-2.932297
30.870000,-4.752745
30.880000,-4.757808
30.890000,-2.945554
30.900000,-0.008200
30.910000,2.932287
30.920000,4.752741
30.930000,4.757812
30.940000,2.945564
30.950000,0.008213
30.960000,-2.932276
30.970000,-4.752737
30.980000,-4.757817
30.990000,-2.945575
31.000000,-0.008226
31.010000,2.932265
31.020000,4.752732
31.030000,4.757821
31.040000,2.945586
31.050000,0.008239
31.060000,-2.932254
31.070000,-4.752728
31.080000,-4.757825
31.090000,-2.945597
31.100000,-0.008253
31.110000,2.932244
31.120000,4.752724
31.130000,4.757829
31.140000,2.945607
31.150000,0.008266
31.160000,-2.932233
31.170000,-4.752720
31.180000,-4.757833
31.190000,-2.945618
31.200000,-0.008279
31.210000,2.932222
31.220000,4.752716
31.230000,4.757837
31.240000,2.945629
31.250000,0.008292
31.260000,-2.932211
31.270000,-4.752712
31.280000,-4.757841
31.290000,-2.945640
31.300000,-0.008306
31.310000,2.932201
31.320000,4.752708
31.330000,4.757845
31.340000,2.945650
31.350000,0.008319
31.360000,-2.932190
31.370000,-4.752704
31.380000,-4.757849
31.390000,-2.945661
31.400000,-0.008332
31.410000,2.932179
31.420000,4.752700
31.430000,4.757853
31.440000,2.945672
31.450000,0.008346
31.460000,-2.932168
31.470000,-4.752695
31.480000,-4.757857
31.490000,-2.945682
31.500000,-0.008359
31.510000,2.932158
31.520000,4.752691
31.530000,4.757861
31.540000,2.945693
31.550000,0.008372
31.560000,-2.932147
31.570000,-4.752687
31.580000,-4.757865
31.590000,-2.945704
31.600000,-0.008385
31.610000,2.932136
31.620000,4.752683
31.630000,4.757870
31.640000,2.945715
31.650000,0.008399
31.660000,-2.932125
31.670000,-4.752679
31.680000,-4.757874
31.690000,-2.945725
31.700000,-0.008412
31.710000,2.932115
31.720000,4.752675
31.730000,4.757878
31.740000,2.945736
31.750000,0.008425
31.760000,-2.932104
31.770000,-4.752671
31.780000,-4.757882
31.790000,-2.945747
31.800000,-0.008438
31.810000,2.932093
31.820000,4.752667
31.830000,4.757886
31.840000,2.945757
31.850000,0.008452
31.860000,-2.932082
31.870000,-4.752662
31.880000,-4.757890
31.890000,-2.945768
31.900000,-0.008465
31.910000,2.932072
31.920000,4.752658
31.930000,4.757894
31.940000,2.945779
31.950000,0.008478
31.960000,-2.932061
31.970000,-4.752654
31.980000,-4.757898
31.990000,-2.945790
32.000000,-0.008491
32.010000,2.932050
32.020000,4.752650
32.030000,4.757902
32.040000,2.945800
32.050000,0.008505
32.060000,-2.932039
32.070000,-4.752646
32.080000,-4.757906
32.090000,-2.945811
32.100000,-0.008518
32.110000,2.932029
32.120000,4.752642
32.130000,4.757910
32.140000,2.945822
32.150000,0.008531
32.160000,-2.932018
32.170000,-4.752638
32.180000,-4.757914
32.190000,-2.945833
32.200000,-0.008545
32.210000,2.932007
32.220000,4.752634
32.230000,4.757918
32.240000,2.945843
32.250000,0.008558
32.260000,-2.931996
32.270000,-4.752629
32.280000,-4.757923
32.290000,-2.945854
32.300000,-0.008571
32.310000,2.931986
32.320000,4.752625
32.330000,4.757927
32.340000,2.945865
32.350000,0.008584
32.360000,-2.931975
32.370000,-4.752621
32.380000,-4.757931
32.390000,-2.945875
32.400000,-0.008598
32.410000,2.931964
32.420000,4.752617
32.430000,4.757935
32.440000,2.945886
32.450000,0.008611
32.460000,-2.931953
32.470000,-4.752613
32.480000,-4.757939
32.490000,-2.945897
32.500000,-0.008624
32.510000,2.931943
32.520000,4.752609
32.530000,4.757943
32.540000,2.945908
32.550000,0.008637
32.560000,-2.931932
32.570000,-4.752605
32.580000,-4.757947
32.590000,-2.945918
32.600000,-0.008651
32.610000,2.931921
32.620000,4.752601
32.630000,4.757951
32.640000,2.945929
32.650000,0.008664
32.660000,-2.931910
32.670000,-4.752596
32.680000,-4.757955
32.690000,-2.945940
32.700000,-0.008677
32.710000,2.931900
32.720000,4.752592
32.730000,4.757959
32.740000,2.945950
32.750000,0.008691
32.760000,-2.931889
32.770000,-4.752588
32.780000,-4.757963
32.790000,-2.945961
32.800000,-0.008704
32.810000,2.931878
32.820000,4.752584
32.830000,4.757967
32.840000,2.945972
32.850000,0.008717
32.860000,-2.931867
32.870000,-4.752580
32.880000,-4.757972
32.890000,-2.945983
32.900000,-0.008730
32.910000,2.931857
32.920000,4.752576
32.930000,4.757976
32.940000,2.945993
32.950000,0.008744
32.960000,-2.931846
32.970000,-4.752572
32.980000,-4.757980
32.990000,-2.946004
33.000000,-0.008757
33.010000,2.931835
33.020000,4.752568
33.030000,4.757984
33.040000,2.946015
33.050000,0.008770
33.060000,-2.931824
33.070000,-4.752564
33.080000,-4.757988
33.090000,-2.946025
33.100000,-0.008783
33.110000,2.931814
33.120000,4.752559
33.130000,4.757992
33.140000,2.946036
33.150000,0.008797
33.160000,-2.931803
33.170000,-4.752555
33.180000,-4.757996
33.190000,-2.946047
33.200000,-0.008810
33.210000,2.931792
33.220000,4.752551
33.230000,4.758000
33.240000,2.946058
33.250000,0.008823
33.260000,-2.931781
33.270000,-4.752547
33.280000,-4.758004
33.290000,-2.946068
33.300000,-0.008836
33.310000,2.931771
33.320000,4.752543
33.330000,4.758008
33.340000,2.946079
33.350000,0.008850
33.360000,-2.931760
33.370000,-4.752539
33.380000,-4.758012
33.390000,-2.946090
33.400000,-0.008863
33.410000,2.931749
33.420000,4.752535
33.430000,4.758016
33.440000,2.946101
33.450000,0.008876
33.460000,-2.931738
33.470000,-4.752531
33.480000,-4.758020
33.490000,-2.946111
33.500000,-0.008890
33.510000,2.931728
33.520000,4.752526
33.530000,4.758025
33.540000,2.946122
33.550000,0.008903
33.560000,-2.931717
33.570000,-4.752522
33.580000,-4.758029
33.590000,-2.946133
33.600000,-0.008916
33.610000,2.931706
33.620000,4.752518
33.630000,4.758033
33.640000,2.946143
33.650000,0.008929
33.660000,-2.931695
33.670000,-4.752514
33.680000,-4.758037
33.690000,-2.946154
33.700000,-0.008943
33.710000,2.931685
33.720000,4.752510
33.730000,4.758041
33.740000,2.946165
33.750000,0.008956
33.760000,-2.931674
33.770000,-4.752506
33.780000,-4.758045
33.790000,-2.946176
33.800000,-0.008969
33.810000,2.931663
33.820000,4.752502
33.830000,4.758049
33.840000,2.946186
33.850000,0.008982
33.860000,-2.931652
33.870000,-4.752498
33.880000,-4.758053
33.890000,-2.946197
33.900000,-0.008996
33.910000,2.931642
33.920000,4.752493
33.930000,4.758057
33.940000,2.946208
33.950000,0.009009
33.960000,-2.931631
33.970000,-4.752489
33.980000,-4.758061
33.990000,-2.946218
34.000000,-0.009022
34.010000,2.931620
34.020000,4.752485
34.030000,4.758065
34.040000,2.946229
34.050000,0.009035
34.060000,-2.931609
34.070000,-4.752481
34.080000,-4.758069
34.090000,-2.946240
34.100000,-0.009049
34.110000,2.931599
34.120000,4.752477
34.130000,4.758073
34.140000,2.946251
34.150000,0.009062
34.160000,-2.931588
34.170000,-4.752473
34.180000,-4.758078
34.190000,-2.946261
34.200000,-0.009075
34.210000,2.931577
34.220000,4.752469
34.230000,4.758082
34.240000,2.946272
34.250000,0.009089
34.260000,-2.931566
34.270000,-4.752465
34.280000,-4.758086
34.290000,-2.946283
34.300000,-0.009102
34.310000,2.931556
34.320000,4.752460
34.330000,4.758090
34.340000,2.946293
34.350000,0.009115
34.360000,-2.931545
34.370000,-4.752456
34.380000,-4.758094
34.390000,-2.946304
34.400000,-0.009128
34.410000,2.931534
34.420000,4.752452
34.430000,4.758098
34.440000,2.946315
34.450000,0.009142
34.460000,-2.931523
34.470000,-4.752448
34.480000,-4.758102
34.490000,-2.946326
34.500000,-0.009155
34.510000,2.931513
34.520000,4.752444
34.530000,4.758106
34.540000,2.946336
34.550000,0.009168
34.560000,-2.931502
34.570000,-4.752440
34.580000,-4.758110
34.590000,-2.946347
34.600000,-0.009181
34.610000,2.931491
34.620000,4.752436
34.630000,4.758114
34.640000,2.946358
34.650000,0.009195
34.660000,-2.931480
34.670000,-4.752432
34.680000,-4.758118
34.690000,-2.946369
34.700000,-0.009208
34.710000,2.931470
34.720000,4.752427
34.730000,4.758122
34.740000,2.946379
34.750000,0.009221
34.760000,-2.931459
34.770000,-4.752423
34.780000,-4.758126
34.790000,-2.946390
34.800000,-0.009234
34.810000,2.931448
34.820000,4.752419
34.830000,4.758131
34.840000,2.946401
34.850000,0.009248
34.860000,-2.931437
34.870000,-4.752415
34.880000,-4.758135
34.890000,-2.946411
34.900000,-0.009261
34.910000,2.931427
34.920000,4.752411
34.930000,4.758139
34.940000,2.946422
34.950000,0.009274
34.960000,-2.931416
34.970000,-4.752407
34.980000,-4.758143
34.990000,-2.946433
35.000000,-0.009288
35.010000,2.931405
35.020000,4.752403
35.030000,4.758147
35.040000,2.946444
35.050000,0.009301
35.060000,-2.931395
35.070000,-4.752399
35.080000,-4.758151
35.090000,-2.946454
35.100000,-0.009314
35.110000,2.931384
35.120000,4.752394
35.130000,4.758155
35.140000,2.946465
35.150000,0.009327
35.160000,-2.931373
35.170000,-4.752390
35.180000,-4.758159
35.190000,-2.946476
35.200000,-0.009341
35.210000,2.931362
35.220000,4.752386
35.230000,4.758163
35.240000,2.946486
35.250000,0.009354
35.260000,-2.931352
35.270000,-4.752382
35.280000,-4.758167
35.290000,-2.946497
35.300000,-0.009367
35.310000,2.931341
35.320000,4.752378
35.330000,4.758171
35.340000,2.946508
35.350000,0.009380
35.360000,-2.931330
35.370000,-4.752374
35.380000,-4.758175
35.390000,-2.946519
35.400000,-0.009394
35.410000,2.931319
35.420000,4.752370
35.430000,4.758179
35.440000,2.946529
35.450000,0.009407
35.460000,-2.931309
35.470000,-4.752366
35.480000,-4.758184
35.490000,-2.946540
35.500000,-0.009420
35.510000,2.931298
35.520000,4.752361
35.530000,4.758188
35.540000,2.946551
35.550000,0.009434
35.560000,-2.931287
35.570000,-4.752357
35.580000,-4.758192
35.590000,-2.946561
35.600000,-0.009447
35.610000,2.931276
35.620000,4.752353
35.630000,4.758196
35.640000,2.946572
35.650000,0.009460
35.660000,-2.931266
35.670000,-4.752349
35.680000,-4.758200
35.690000,-2.946583
35.700000,-0.009473
35.710000,2.931255
35.720000,4.752345
35.730000,4.758204
35.740000,2.946594
35.750000,0.009487
35.760000,-2.931244
35.770000,-4.752341
35.780000,-4.758208
35.790000,-2.946604
35.800000,-0.009500
35.810000,2.931233
35.820000,4.752337
35.830000,4.758212
35.840000,2.946615
35.850000,0.009513
35.860000,-2.931223
35.870000,-4.752333
35.880000,-4.758216
35.890000,-2.946626
35.900000,-0.009526
35.910000,2.931212
35.920000,4.752328
35.930000,4.758220
35.940000,2.946637
35.950000,0.009540
35.960000,-2.931201
35.970000,-4.752324
35.980000,-4.758224
35.990000,-2.946647
36.000000,-0.009553
36.010000,2.931190
36.020000,4.752320
36.030000,4.758228
36.040000,2.946658
36.050000,0.009566
36.060000,-2.931180
36.070000,-4.752316
36.080000,-4.758232
36.090000,-2.946669
36.100000,-0.009579
36.110000,2.931169
36.120000,4.752312
36.130000,4.758237
36.140000,2.946679
36.150000,0.009593
36.160000,-2.931158
36.170000,-4.752308
36.180000,-4.758241
36.190000,-2.946690
36.200000,-0.009606
36.210000,2.931147
36.220000,4.752304
36.230000,4.758245
36.240000,2.946701
36.250000,0.009619
36.260000,-2.931137
36.270000,-4.752300
36.280000,-4.758249
36.290000,-2.946712
36.300000,-0.009633
36.310000,2.931126
36.320000,4.752295
36.330000,4.758253
36.340000,2.946722
36.350000,0.009646
36.360000,-2.931115
36.370000,-4.752291
36.380000,-4.758257
36.390000,-2.946733
36.400000,-0.009659
36.410000,2.931104
36.420000,4.752287
36.430000,4.758261
36.440000,2.946744
36.450000,0.009672
36.460000,-2.931094
36.470000,-4.752283
36.480000,-4.758265
36.490000,-2.946754
36.500000,-0.009686
36.510000,2.931083
36.520000,4.752279
36.530000,4.758269
36.540000,2.946765
36.550000,0.009699
36.560000,-2.931072
36.570000,-4.752275
36.580000,-4.758273
36.590000,-2.946776
36.600000,-0.009712
36.610000,2.931061
36.620000,4.752271
36.630000,4.758277
36.640000,2.946787
36.650000,0.009725
36.660000,-2.931051
36.670000,-4.752267
36.680000,-4.758281
36.690000,-2.946797
36.700000,-0.009739
36.710000,2.931040
36.720000,4.752262
36.730000,4.758285
36.740000,2.946808
36.750000,0.009752
36.760000,-2.931029
36.770000,-4.752258
36.780000,-4.758289
36.790000,-2.946819
36.800000,-0.009765
36.810000,2.931018
36.820000,4.752254
36.830000,4.758294
36.840000,2.946829
36.850000,0.009778
36.860000,-2.931008
36.870000,-4.752250
36.880000,-4.758298
36.890000,-2.946840
36.900000,-0.009792
36.910000,2.930997
36.920000,4.752246
36.930000,4.758302
36.940000,2.946851
36.950000,0.009805
36.960000,-2.930986
36.970000,-4.752242
36.980000,-4.758306
36.990000,-2.946862
37.000000,-0.009818
37.010000,2.930975
37.020000,4.752238
37.030000,4.758310
37.040000,2.946872
37.050000,0.009832
37.060000,-2.930965
37.070000,-4.752234
37.080000,-4.758314
37.090000,-2.946883
37.100000,-0.009845
37.110000,2.930954
37.120000,4.752229
37.130000,4.758318
37.140000,2.946894
37.150000,0.009858
37.160000,-2.930943
37.170000,-4.752225
37.180000,-4.758322
37.190000,-2.946904
37.200000,-0.009871
37.210000,2.930932
37.220000,4.752221
37.230000,4.758326
37.240000,2.946915
37.250000,0.009885
37.260000,-2.930922
37.270000,-4.752217
37.280000,-4.758330
37.290000,-2.946926
37.300000,-0.009898
37.310000,2.930911
37.320000,4.752213
37.330000,4.758334
37.340000,2.946937
37.350000,0.009911
37.360000,-2.930900
37.370000,-4.752209
37.380000,-4.758338
37.390000,-2.946947
37.400000,-0.009924
37.410000,2.930889
37.420000,4.752205
37.430000,4.758342
37.440000,2.946958
37.450000,0.009938
37.460000,-2.930879
37.470000,-4.752201
37.480000,-4.758347
37.490000,-2.946969
37.500000,-0.009951
37.510000,2.930868
37.520000,4.752196
37.530000,4.758351
37.540000,2.946980
37.550000,0.009964
37.560000,-2.930857
37.570000,-4.752192
37.580000,-4.758355
37.590000,-2.946990
37.600000,-0.009977
37.610000,2.930846
37.620000,4.752188
37.630000,4.758359
37.640000,2.947001
37.650000,0.009991
37.660000,-2.930836
37.670000,-4.752184
37.680000,-4.758363
37.690000,-2.947012
37.700000,-0.010004
37.710000,2.930825
37.720000,4.752180
37.730000,4.758367
37.740000,2.947022
37.750000,0.010017
37.760000,-2.930814
37.770000,-4.752176
37.780000,-4.758371
37.790000,-2.947033
37.800000,-0.010031
37.810000,2.930803
37.820000,4.752172
37.830000,4.758375
37.840000,2.947044
37.850000,0.010044
37.860000,-2.930793
37.870000,-4.752168
37.880000,-4.758379
37.890000,-2.947055
37.900000,-0.010057
37.910000,2.930782
37.920000,4.752163
37.930000,4.758383
37.940000,2.947065
37.950000,0.010070
37.960000,-2.930771
37.970000,-4.752159
37.980000,-4.758387
37.990000,-2.947076
38.000000,-0.010084
38.010000,2.930760
38.020000,4.752155
38.030000,4.758391
38.040000,2.947087
38.050000,0.010097
38.060000,-2.930750
38.070000,-4.752151
38.080000,-4.758395
38.090000,-2.947097
38.100000,-0.010110
38.110000,2.930739
38.120000,4.752147
38.130000,4.758400
38.140000,2.947108
38.150000,0.010123
38.160000,-2.930728
38.170000,-4.752143
38.180000,-4.758404
38.190000,-2.947119
38.200000,-0.010137
38.210000,2.930717
38.220000,4.752139
38.230000,4.758408
38.240000,2.947130
38.250000,0.010150
38.260000,-2.930707
38.270000,-4.752135
38.280000,-4.758412
38.290000,-2.947140
38.300000,-0.010163
38.310000,2.930696
38.320000,4.752130
38.330000,4.758416
38.340000,2.947151
38.350000,0.010177
38.360000,-2.930685
38.370000,-4.752126
38.380000,-4.758420
38.390000,-2.947162
38.400000,-0.010190
38.410000,2.930674
38.420000,4.752122
38.430000,4.758424
38.440000,2.947172
38.450000,0.010203
38.460000,-2.930664
38.470000,-4.752118
38.480000,-4.758428
38.490000,-2.947183
38.500000,-0.010216
38.510000,2.930653
38.520000,4.752114
38.530000,4.758432
38.540000,2.947194
38.550000,0.010230
38.560000,-2.930642
38.570000,-4.752110
38.580000,-4.758436
38.590000,-2.947205
38.600000,-0.010243
38.610000,2.930631
38.620000,4.752106
38.630000,4.758440
38.640000,2.947215
38.650000,0.010256
38.660000,-2.930621
38.670000,-4.752102
38.680000,-4.758444
38.690000,-2.947226
38.700000,-0.010269
38.710000,2.930610
38.720000,4.752097
38.730000,4.758448
38.740000,2.947237
38.750000,0.010283
38.760000,-2.930599
38.770000,-4.752093
38.780000,-4.758452
38.790000,-2.947247
38.800000,-0.010296
38.810000,2.930588
38.820000,4.752089
38.830000,4.758457
38.840000,2.947258
38.850000,0.010309
38.860000,-2.930578
38.870000,-4.752085
38.880000,-4.758461
38.890000,-2.947269
38.900000,-0.010322
38.910000,2.930567
38.920000,4.752081
38.930000,4.758465
38.940000,2.947280
38.950000,0.010336
38.960000,-2.930556
38.970000,-4.752077
38.980000,-4.758469
38.990000,-2.947290
39.000000,-0.010349
39.010000,2.930545
39.020000,4.752073
39.030000,4.758473
39.040000,2.947301
39.050000,0.010362
39.060000,-2.930535
39.070000,-4.752069
39.080000,-4.758477
39.090000,-2.947312
39.100000,-0.010376
39.110000,2.930524
39.120000,4.752064
39.130000,4.758481
39.140000,2.947322
39.150000,0.010389
39.160000,-2.930513
39.170000,-4.752060
39.180000,-4.758485
39.190000,-2.947333
39.200000,-0.010402
39.210000,2.930502
39.220000,4.752056
39.230000,4.758489
39.240000,2.947344
39.250000,0.010415
39.260000,-2.930492
39.270000,-4.752052
39.280000,-4.758493
39.290000,-2.947355
39.300000,-0.010429
39.310000,2.930481
39.320000,4.752048
39.330000,4.758497
39.340000,2.947365
39.350000,0.010442
39.360000,-2.930470
39.370000,-4.752044
39.380000,-4.758501
39.390000,-2.947376
39.400000,-0.010455
39.410000,2.930459
39.420000,4.752040
39.430000,4.758505
39.440000,2.947387
39.450000,0.010468
39.460000,-2.930449
39.470000,-4.752036
39.480000,-4.758510
39.490000,-2.947398
39.500000,-0.010482
39.510000,2.930438
39.520000,4.752031
39.530000,4.758514
39.540000,2.947408
39.550000,0.010495
39.560000,-2.930427
39.570000,-4.752027
39.580000,-4.758518
39.590000,-2.947419
39.600000,-0.010508
39.610000,2.930416
39.620000,4.752023
39.630000,4.758522
39.640000,2.947430
39.650000,0.010521
39.660000,-2.930406
39.670000,-4.752019
39.680000,-4.758526
39.690000,-2.947440
39.700000,-0.010535
39.710000,2.930395
39.720000,4.752015
39.730000,4.758530
39.740000,2.947451
39.750000,0.010548
39.760000,-2.930384
39.770000,-4.752011
39.780000,-4.758534
39.790000,-2.947462
39.800000,-0.010561
39.810000,2.930373
39.820000,4.752007
39.830000,4.758538
39.840000,2.947473
39.850000,0.010575
39.860000,-2.930363
39.870000,-4.752003
39.880000,-4.758542
39.890000,-2.947483
39.900000,-0.010588
39.910000,2.930352
39.920000,4.751998
39.930000,4.758546
39.940000,2.947494
39.950000,0.010601
39.960000,-2.930341
39.970000,-4.751994
39.980000,-4.758550
39.990000,-2.947505
40.000000,-0.010614
40.010000,2.930330
40.020000,4.751990
40.030000,4.758554
40.040000,2.947515
40.050000,0.010628
40.060000,-2.930320
40.070000,-4.751986
40.080000,-4.758558
40.090000,-2.947526
40.100000,-0.010641
40.110000,2.930309
40.120000,4.751982
40.130000,4.758562
40.140000,2.947537
40.150000,0.010654
40.160000,-2.930298
40.170000,-4.751978
40.180000,-4.758567
40.190000,-2.947548
40.200000,-0.010667
40.210000,2.930287
40.220000,4.751974
40.230000,4.758571
40.240000,2.947558
40.250000,0.010681
40.260000,-2.930277
40.270000,-4.751970
40.280000,-4.758575
40.290000,-2.947569
40.300000,-0.010694
40.310000,2.930266
40.320000,4.751965
40.330000,4.758579
40.340000,2.947580
40.350000,0.010707
40.360000,-2.930255
40.370000,-4.751961
40.380000,-4.758583
40.390000,-2.947590
40.400000,-0.010720
40.410000,2.930244
40.420000,4.751957
40.430000,4.758587
40.440000,2.947601
40.450000,0.010734
40.460000,-2.930234
40.470000,-4.751953
40.480000,-4.758591
40.490000,-2.947612
40.500000,-0.010747
40.510000,2.930223
40.520000,4.751949
40.530000,4.758595
40.540000,2.947623
40.550000,0.010760
40.560000,-2.930212
40.570000,-4.751945
40.580000,-4.758599
40.590000,-2.947633
40.600000,-0.010774
40.610000,2.930201
40.620000,4.751941
40.630000,4.758603
40.640000,2.947644
40.650000,0.010787
40.660000,-2.930191
40.670000,-4.751937
40.680000,-4.758607
40.690000,-2.947655
40.700000,-0.010800
40.710000,2.930180
40.720000,4.751932
40.730000,4.758611
40.740000,2.947665
40.750000,0.010813
40.760000,-2.930169
40.770000,-4.751928
40.780000,-4.758615
40.790000,-2.947676
40.800000,-0.010827
40.810000,2.930158
40.820000,4.751924
40.830000,4.758619
40.840000,2.947687
40.850000,0.010840
40.860000,-2.930148
40.870000,-4.751920
40.880000,-4.758624
40.890000,-2.947698
40.900000,-0.010853
40.910000,2.930137
40.920000,4.751916
40.930000,4.758628
40.940000,2.947708
40.950000,0.010866
40.960000,-2.930126
40.970000,-4.751912
40.980000,-4.758632
40.990000,-2.947719
41.000000,-0.010880
41.010000,2.930115
41.020000,4.751908
41.030000,4.758636
41.040000,2.947730
41.050000,0.010893
41.060000,-2.930105
41.070000,-4.751904
41.080000,-4.758640
41.090000,-2.947740
41.100000,-0.010906
41.110000,2.930094
41.120000,4.751899
41.130000,4.758644
41.140000,2.947751
41.150000,0.010920
41.160000,-2.930083
41.170000,-4.751895
41.180000,-4.758648
41.190000,-2.947762
41.200000,-0.010933
41.210000,2.930072
41.220000,4.751891
41.230000,4.758652
41.240000,2.947773
41.250000,0.010946
41.260000,-2.930062
41.270000,-4.751887
41.280000,-4.758656
41.290000,-2.947783
41.300000,-0.010959
41.310000,2.930051
41.320000,4.751883
41.330000,4.758660
41.340000,2.947794
41.350000,0.010973
41.360000,-2.930040
41.370000,-4.751879
41.380000,-4.758664
41.390000,-2.947805
41.400000,-0.010986
41.410000,2.930029
41.420000,4.751875
41.430000,4.758668
41.440000,2.947815
41.450000,0.010999
41.460000,-2.930019
41.470000,-4.751871
41.480000,-4.758672
41.490000,-2.947826
41.500000,-0.011012
41.510000,2.930008
41.520000,4.751866
41.530000,4.758677
41.540000,2.947837
41.550000,0.011026
41.560000,-2.929997
41.570000,-4.751862
41.580000,-4.758681
41.590000,-2.947848
41.600000,-0.011039
41.610000,2.929986
41.620000,4.751858
41.630000,4.758685
41.640000,2.947858
41.650000,0.011052
41.660000,-2.929976
41.670000,-4.751854
41.680000,-4.758689
41.690000,-2.947869
41.700000,-0.011065
41.710000,2.929965
41.720000,4.751850
41.730000,4.758693
41.740000,2.947880
41.750000,0.011079
41.760000,-2.929954
41.770000,-4.751846
41.780000,-4.758697
41.790000,-2.947890
41.800000,-0.011092
41.810000,2.929943
41.820000,4.751842
41.830000,4.758701
41.840000,2.947901
41.850000,0.011105
41.860000,-2.929933
41.870000,-4.751837
41.880000,-4.758705
41.890000,-2.947912
41.900000,-0.011119
41.910000,2.929922
41.920000,4.751833
41.930000,4.758709
41.940000,2.947923
41.950000,0.011132
41.960000,-2.929911
41.970000,-4.751829
41.980000,-4.758713
41.990000,-2.947933
42.000000,-0.011145
42.010000,2.929900
42.020000,4.751825
42.030000,4.758717
42.040000,2.947944
42.050000,0.011158
42.060000,-2.929890
42.070000,-4.751821
42.080000,-4.758721
42.090000,-2.947955
42.100000,-0.011172
42.110000,2.929879
42.120000,4.751817
42.130000,4.758725
42.140000,2.947966
42.150000,0.011185
42.160000,-2.929868
42.170000,-4.751813
42.180000,-4.758729
42.190000,-2.947976
42.200000,-0.011198
42.210000,2.929857
42.220000,4.751809
42.230000,4.758734
42.240000,2.947987
42.250000,0.011211
42.260000,-2.929847
42.270000,-4.751804
42.280000,-4.758738
42.290000,-2.947998
42.300000,-0.011225
42.310000,2.929836
42.320000,4.751800
42.330000,4.758742
42.340000,2.948008
42.350000,0.011238
42.360000,-2.929825
42.370000,-4.751796
42.380000,-4.758746
42.390000,-2.948019
42.400000,-0.011251
42.410000,2.929814
42.420000,4.751792
42.430000,4.758750
42.440000,2.948030
42.450000,0.011264
42.460000,-2.929803
42.470000,-4.751788
42.480000,-4.758754
42.490000,-2.948041
42.500000,-0.011278
42.510000,2.929793
42.520000,4.751784
42.530000,4.758758
42.540000,2.948051
42.550000,0.011291
42.560000,-2.929782
42.570000,-4.751780
42.580000,-4.758762
42.590000,-2.948062
42.600000,-0.011304
42.610000,2.929771
42.620000,4.751776
42.630000,4.758766
42.640000,2.948073
42.650000,0.011318
42.660000,-2.929760
42.670000,-4.751771
42.680000,-4.758770
42.690000,-2.948083
42.700000,-0.011331
42.710000,2.929750
42.720000,4.751767
42.730000,4.758774
42.740000,2.948094
42.750000,0.011344
42.760000,-2.929739
42.770000,-4.751763
42.780000,-4.758778
42.790000,-2.948105
42.800000,-0.011357
42.810000,2.929728
42.820000,4.751759
42.830000,4.758782
42.840000,2.948116
42.850000,0.011371
42.860000,-2.929717
42.870000,-4.751755
42.880000,-4.758786
42.890000,-2.948126
42.900000,-0.011384
42.910000,2.929707
42.920000,4.751751
42.930000,4.758791
42.940000,2.948137
42.950000,0.011397
42.960000,-2.929696
42.970000,-4.751747
42.980000,-4.758795
42.990000,-2.948148
43.000000,-0.011410
43.010000,2.929685
43.020000,4.751743
43.030000,4.758799
43.040000,2.948158
43.050000,0.011424
43.060000,-2.929674
43.070000,-4.751738
43.080000,-4.758803
43.090000,-2.948169
43.100000,-0.011437
43.110000,2.929664
43.120000,4.751734
43.130000,4.758807
43.140000,2.948180
43.150000,0.011450
43.160000,-2.929653
43.170000,-4.751730
43.180000,-4.758811
43.190000,-2.948191
43.200000,-0.011463
43.210000,2.929642
43.220000,4.751726
43.230000,4.758815
43.240000,2.948201
43.250000,0.011477
43.260000,-2.929631
43.270000,-4.751722
43.280000,-4.758819
43.290000,-2.948212
43.300000,-0.011490
43.310000,2.929621
43.320000,4.751718
43.330000,4.758823
43.340000,2.948223
43.350000,0.011503
43.360000,-2.929610
43.370000,-4.751714
43.380000,-4.758827
43.390000,-2.948233
43.400000,-0.011517
43.410000,2.929599
43.420000,4.751710
43.430000,4.758831
43.440000,2.948244
43.450000,0.011530
43.460000,-2.929588
43.470000,-4.751705
43.480000,-4.758835
43.490000,-2.948255
43.500000,-0.011543
43.510000,2.929578
43.520000,4.751701
43.530000,4.758839
43.540000,2.948266
43.550000,0.011556
43.560000,-2.929567
43.570000,-4.751697
43.580000,-4.758843
43.590000,-2.948276
43.600000,-0.011570
43.610000,2.929556
43.620000,4.751693
43.630000,4.758848
43.640000,2.948287
43.650000,0.011583
43.660000,-2.929545
43.670000,-4.751689
43.680000,-4.758852
43.690000,-2.948298
43.700000,-0.011596
43.710000,2.929535
43.720000,4.751685
43.730000,4.758856
43.740000,2.948308
43.750000,0.011609
43.760000,-2.929524
43.770000,-4.751681
43.780000,-4.758860
43.790000,-2.948319
43.800000,-0.011623
43.810000,2.929513
43.820000,4.751676
43.830000,4.758864
43.840000,2.948330
43.850000,0.011636
43.860000,-2.929502
43.870000,-4.751672
43.880000,-4.758868
43.890000,-2.948341
43.900000,-0.011649
43.910000,2.929492
43.920000,4.751668
43.930000,4.758872
43.940000,2.948351
43.950000,0.011663
43.960000,-2.929481
43.970000,-4.751664
43.980000,-4.758876
43.990000,-2.948362
44.000000,-0.011676
44.010000,2.929470
44.020000,4.751660
44.030000,4.758880
44.040000,2.948373
44.050000,0.011689
44.060000,-2.929459
44.070000,-4.751656
44.080000,-4.758884
44.090000,-2.948383
44.100000,-0.011702
44.110000,2.929449
44.120000,4.751652
44.130000,4.758888
44.140000,2.948394
44.150000,0.011716
44.160000,-2.929438
44.170000,-4.751648
44.180000,-4.758892
44.190000,-2.948405
44.200000,-0.011729
44.210000,2.929427
44.220000,4.751643
44.230000,4.758896
44.240000,2.948416
44.250000,0.011742
44.260000,-2.929416
44.270000,-4.751639
44.280000,-4.758900
44.290000,-2.948426
44.300000,-0.011755
44.310000,2.929406
44.320000,4.751635
44.330000,4.758904
44.340000,2.948437
44.350000,0.011769
44.360000,-2.929395
44.370000,-4.751631
44.380000,-4.758909
44.390000,-2.948448
44.400000,-0.011782
44.410000,2.929384
44.420000,4.751627
44.430000,4.758913
44.440000,2.948458
44.450000,0.011795
44.460000,-2.929373
44.470000,-4.751623
44.480000,-4.758917
44.490000,-2.948469
44.500000,-0.011808
44.510000,2.929363
44.520000,4.751619
44.530000,4.758921
44.540000,2.948480
44.550000,0.011822
44.560000,-2.929352
44.570000,-4.751615
44.580000,-4.758925
44.590000,-2.948491
44.600000,-0.011835
44.610000,2.929341
44.620000,4.751610
44.630000,4.758929
44.640000,2.948501
44.650000,0.011848
44.660000,-2.929330
44.670000,-4.751606
44.680000,-4.758933
44.690000,-2.948512
44.700000,-0.011862
44.710000,2.929320
44.720000,4.751602
44.730000,4.758937
44.740000,2.948523
44.750000,0.011875
44.760000,-2.929309
44.770000,-4.751598
44.780000,-4.758941
44.790000,-2.948533
44.800000,-0.011888
44.810000,2.929298
44.820000,4.751594
44.830000,4.758945
44.840000,2.948544
44.850000,0.011901
44.860000,-2.929287
44.870000,-4.751590
44.880000,-4.758949
44.890000,-2.948555
44.900000,-0.011915
44.910000,2.929277
44.920000,4.751586
44.930000,4.758953
44.940000,2.948566
44.950000,0.011928
44.960000,-2.929266
44.970000,-4.751581
44.980000,-4.758957
44.990000,-2.948576
45.000000,-0.011941
45.010000,2.929255
45.020000,4.751577
45.030000,4.758961
45.040000,2.948587
45.050000,0.011954
45.060000,-2.929244
45.070000,-4.751573
45.080000,-4.758966
45.090000,-2.948598
45.100000,-0.011968
45.110000,2.929234
45.120000,4.751569
45.130000,4.758970
45.140000,2.948608
45.150000,0.011981
45.160000,-2.929223
45.170000,-4.751565
45.180000,-4.758974
45.190000,-2.948619
45.200000,-0.011994
45.210000,2.929212
45.220000,4.751561
45.230000,4.758978
45.240000,2.948630
45.250000,0.012007
45.260000,-2.929201
45.270000,-4.751557
45.280000,-4.758982
45.290000,-2.948641
45.300000,-0.012021
45.310000,2.929191
45.320000,4.751553
45.330000,4.758986
45.340000,2.948651
45.350000,0.012034
45.360000,-2.929180
45.370000,-4.751548
45.380000,-4.758990
45.390000,-2.948662
45.400000,-0.012047
45.410000,2.929169
45.420000,4.751544
45.430000,4.758994
45.440000,2.948673
45.450000,0.012061
45.460000,-2.929158
45.470000,-4.751540
45.480000,-4.758998
45.490000,-2.948683
45.500000,-0.012074
45.510000,2.929148
45.520000,4.751536
45.530000,4.759002
45.540000,2.948694
45.550000,0.012087
45.560000,-2.929137
45.570000,-4.751532
45.580000,-4.759006
45.590000,-2.948705
45.600000,-0.012100
45.610000,2.929126
45.620000,4.751528
45.630000,4.759010
45.640000,2.948716
45.650000,0.012114
45.660000,-2.929115
45.670000,-4.751524
45.680000,-4.759014
45.690000,-2.948726
45.700000,-0.012127
45.710000,2.929105
45.720000,4.751520
45.730000,4.759018
45.740000,2.948737
45.750000,0.012140
45.760000,-2.929094
45.770000,-4.751515
45.780000,-4.759023
45.790000,-2.948748
45.800000,-0.012153
45.810000,2.929083
45.820000,4.751511
45.830000,4.759027
45.840000,2.948758
45.850000,0.012167
45.860000,-2.929072
45.870000,-4.751507
45.880000,-4.759031
45.890000,-2.948769
45.900000,-0.012180
45.910000,2.929062
45.920000,4.751503
45.930000,4.759035
45.940000,2.948780
45.950000,0.012193
45.960000,-2.929051
45.970000,-4.751499
45.980000,-4.759039
45.990000,-2.948791
46.000000,-0.012207
46.010000,2.929040
46.020000,4.751495
46.030000,4.759043
46.040000,2.948801
46.050000,0.012220
46.060000,-2.929029
46.070000,-4.751491
46.080000,-4.759047
46.090000,-2.948812
46.100000,-0.012233
46.110000,2.929019
46.120000,4.751486
46.130000,4.759051
46.140000,2.948823
46.150000,0.012246
46.160000,-2.929008
46.170000,-4.751482
46.180000,-4.759055
46.190000,-2.948833
46.200000,-0.012260
46.210000,2.928997
46.220000,4.751478
46.230000,4.759059
46.240000,2.948844
46.250000,0.012273
46.260000,-2.928986
46.270000,-4.751474
46.280000,-4.759063
46.290000,-2.948855
46.300000,-0.012286
46.310000,2.928976
46.320000,4.751470
46.330000,4.759067
46.340000,2.948866
46.350000,0.012299
46.360000,-2.928965
46.370000,-4.751466
46.380000,-4.759071
46.390000,-2.948876
46.400000,-0.012313
46.410000,2.928954
46.420000,4.751462
46.430000,4.759075
46.440000,2.948887
46.450000,0.012326
46.460000,-2.928943
46.470000,-4.751458
46.480000,-4.759079
46.490000,-2.948898
46.500000,-0.012339
46.510000,2.928933
46.520000,4.751453
46.530000,4.759084
46.540000,2.948908
46.550000,0.012352
46.560000,-2.928922
46.570000,-4.751449
46.580000,-4.759088
46.590000,-2.948919
46.600000,-0.012366
46.610000,2.928911
46.620000,4.751445
46.630000,4.759092
46.640000,2.948930
46.650000,0.012379
46.660000,-2.928900
46.670000,-4.751441
46.680000,-4.759096
46.690000,-2.948941
46.700000,-0.012392
46.710000,2.928890
46.720000,4.751437
46.730000,4.759100
46.740000,2.948951
46.750000,0.012406
46.760000,-2.928879
46.770000,-4.751433
46.780000,-4.759104
46.790000,-2.948962
46.800000,-0.012419
46.810000,2.928868
46.820000,4.751429
46.830000,4.759108
46.840000,2.948973
46.850000,0.012432
46.860000,-2.928857
46.870000,-4.751425
46.880000,-4.759112
46.890000,-2.948983
46.900000,-0.012445
46.910000,2.928847
46.920000,4.751420
46.930000,4.759116
46.940000,2.948994
46.950000,0.012459
46.960000,-2.928836
46.970000,-4.751416
46.980000,-4.759120
46.990000,-2.949005
47.000000,-0.012472
47.010000,2.928825
47.020000,4.751412
47.030000,4.759124
47.040000,2.949016
47.050000,0.012485
47.060000,-2.928814
47.070000,-4.751408
47.080000,-4.759128
47.090000,-2.949026
47.100000,-0.012498
47.110000,2.928804
47.120000,4.751404
47.130000,4.759132
47.140000,2.949037
47.150000,0.012512
47.160000,-2.928793
47.170000,-4.751400
47.180000,-4.759136
47.190000,-2.949048
47.200000,-0.012525
47.210000,2.928782
47.220000,4.751396
47.230000,4.759141
47.240000,2.949058
47.250000,0.012538
47.260000,-2.928771
47.270000,-4.751391
47.280000,-4.759145
47.290000,-2.949069
47.300000,-0.012551
47.310000,2.928761
47.320000,4.751387
47.330000,4.759149
47.340000,2.949080
47.350000,0.012565
47.360000,-2.928750
47.370000,-4.751383
47.380000,-4.759153
47.390000,-2.949091
47.400000,-0.012578
47.410000,2.928739
47.420000,4.751379
47.430000,4.759157
47.440000,2.949101
47.450000,0.012591
47.460000,-2.928728
47.470000,-4.751375
47.480000,-4.759161
47.490000,-2.949112
47.500000,-0.012605
47.510000,2.928717
47.520000,4.751371
47.530000,4.759165
47.540000,2.949123
47.550000,0.012618
47.560000,-2.928707
47.570000,-4.751367
47.580000,-4.759169
47.590000,-2.949133
47.600000,-0.012631
47.610000,2.928696
47.620000,4.751363
47.630000,4.759173
47.640000,2.949144
47.650000,0.012644
47.660000,-2.928685
47.670000,-4.751358
47.680000,-4.759177
47.690000,-2.949155
47.700000,-0.012658
47.710000,2.928674
47.720000,4.751354
47.730000,4.759181
47.740000,2.949166
47.750000,0.012671
47.760000,-2.928664
47.770000,-4.751350
47.780000,-4.759185
47.790000,-2.949176
47.800000,-0.012684
47.810000,2.928653
47.820000,4.751346
47.830000,4.759189
47.840000,2.949187
47.850000,0.012697
47.860000,-2.928642
47.870000,-4.751342
47.880000,-4.759193
47.890000,-2.949198
47.900000,-0.012711
47.910000,2.928631
47.920000,4.751338
47.930000,4.759197
47.940000,2.949208
47.950000,0.012724
47.960000,-2.928621
47.970000,-4.751334
47.980000,-4.759202
47.990000,-2.949219
48.000000,-0.012737
48.010000,2.928610
48.020000,4.751329
48.030000,4.759206
48.040000,2.949230
48.050000,0.012750
48.060000,-2.928599
48.070000,-4.751325
48.080000,-4.759210
48.090000,-2.949241
48.100000,-0.012764
48.110000,2.928588
48.120000,4.751321
48.130000,4.759214
48.140000,2.949251
48.150000,0.012777
48.160000,-2.928578
48.170000,-4.751317
48.180000,-4.759218
48.190000,-2.949262
48.200000,-0.012790
48.210000,2.928567
48.220000,4.751313
48.230000,4.759222
48.240000,2.949273
48.250000,0.012804
48.260000,-2.928556
48.270000,-4.751309
48.280000,-4.759226
48.290000,-2.949283
48.300000,-0.012817
48.310000,2.928545
48.320000,4.751305
48.330000,4.759230
48.340000,2.949294
48.350000,0.012830
48.360000,-2.928535
48.370000,-4.751301
48.380000,-4.759234
48.390000,-2.949305
48.400000,-0.012843
48.410000,2.928524
48.420000,4.751296
48.430000,4.759238
48.440000,2.949316
48.450000,0.012857
48.460000,-2.928513
48.470000,-4.751292
48.480000,-4.759242
48.490000,-2.949326
48.500000,-0.012870
48.510000,2.928502
48.520000,4.751288
48.530000,4.759246
48.540000,2.949337
48.550000,0.012883
48.560000,-2.928492
48.570000,-4.751284
48.580000,-4.759250
48.590000,-2.949348
48.600000,-0.012896
48.610000,2.928481
48.620000,4.751280
48.630000,4.759254
48.640000,2.949358
48.650000,0.012910
48.660000,-2.928470
48.670000,-4.751276
48.680000,-4.759258
48.690000,-2.949369
48.700000,-0.012923
48.710000,2.928459
48.720000,4.751272
48.730000,4.759263
48.740000,2.949380
48.750000,0.012936
48.760000,-2.928449
48.770000,-4.751267
48.780000,-4.759267
48.790000,-2.949391
48.800000,-0.012950
48.810000,2.928438
48.820000,4.751263
48.830000,4.759271
48.840000,2.949401
48.850000,0.012963
48.860000,-2.928427
48.870000,-4.751259
48.880000,-4.759275
48.890000,-2.949412
48.900000,-0.012976
48.910000,2.928416
48.920000,4.751255
48.930000,4.759279
48.940000,2.949423
48.950000,0.012989
48.960000,-2.928406
48.970000,-4.751251
48.980000,-4.759283
48.990000,-2.949433
49.000000,-0.013003
49.010000,2.928395
49.020000,4.751247
49.030000,4.759287
49.040000,2.949444
49.050000,0.013016
49.060000,-2.928384
49.070000,-4.751243
49.080000,-4.759291
49.090000,-2.949455
49.100000,-0.013029
49.110000,2.928373
49.120000,4.751239
49.130000,4.759295
49.140000,2.949466
49.150000,0.013042
49.160000,-2.928363
49.170000,-4.751234
49.180000,-4.759299
49.190000,-2.949476
49.200000,-0.013056
49.210000,2.928352
49.220000,4.751230
49.230000,4.759303
49.240000,2.949487
49.250000,0.013069
49.260000,-2.928341
49.270000,-4.751226
49.280000,-4.759307
49.290000,-2.949498
49.300000,-0.013082
49.310000,2.928330
49.320000,4.751222
49.330000,4.759311
49.340000,2.949508
49.350000,0.013095
49.360000,-2.928320
49.370000,-4.751218
49.380000,-4.759315
49.390000,-2.949519
49.400000,-0.013109
49.410000,2.928309
49.420000,4.751214
49.430000,4.759319
49.440000,2.949530
49.450000,0.013122
49.460000,-2.928298
49.470000,-4.751210
49.480000,-4.759324
49.490000,-2.949541
49.500000,-0.013135
49.510000,2.928287
49.520000,4.751206
49.530000,4.759328
49.540000,2.949551
49.550000,0.013149
49.560000,-2.928277
49.570000,-4.751201
49.580000,-4.759332
49.590000,-2.949562
49.600000,-0.013162
49.610000,2.928266
49.620000,4.751197
49.630000,4.759336
49.640000,2.949573
49.650000,0.013175
49.660000,-2.928255
49.670000,-4.751193
49.680000,-4.759340
49.690000,-2.949583
49.700000,-0.013188
49.710000,2.928244
49.720000,4.751189
49.730000,4.759344
49.740000,2.949594
49.750000,0.013202
49.760000,-2.928234
49.770000,-4.751185
49.780000,-4.759348
49.790000,-2.949605
49.800000,-0.013215
49.810000,2.928223
49.820000,4.751181
49.830000,4.759352
49.840000,2.949616
49.850000,0.013228
49.860000,-2.928212
49.870000,-4.751177
49.880000,-4.759356
49.890000,-2.949626
49.900000,-0.013241
49.910000,2.928201
49.920000,4.751172
49.930000,4.759360
49.940000,2.949637
49.950000,0.013255
49.960000,-2.928191
49.970000,-4.751168
49.980000,-4.759364
49.990000,-2.949648
50.000000,-0.013268
